metric,axis,profileId,missileTl,targetPropulsionTl,movementPolicy,datalinkCondition,fromValue,toValue,expectedDirection,trialCount,neitherTrue,fromOnlyTrue,toOnlyTrue,bothTrue,observedDelta,confidenceLow,confidenceHigh,rawPValue,holmAdjustedPValue,commonRandomNumbersVerified,statisticalGateApplied,statisticallyContradictory
"effectiveHitPerLaunch","datalinkCondition","command-guided",2,2,"crossing-weave","occluded->live","occluded","live","descriptive",1000,1000,0,0,0,0,0,0,1,1,true,false,false
"effectiveHitPerLaunch","datalinkCondition","command-guided",2,2,"stationary","occluded->live","occluded","live","nondecreasing",1000,877,0,123,0,0.123,0.102633439140386,0.143366560859614,1,1,true,true,false
"effectiveHitPerLaunch","datalinkCondition","command-guided",2,2,"straight-retreat","occluded->live","occluded","live","nondecreasing",1000,1000,0,0,0,0,0,0,1,1,true,true,false
"effectiveHitPerLaunch","datalinkCondition","command-guided",2,2,"turnback","occluded->live","occluded","live","descriptive",1000,877,0,123,0,0.123,0.102633439140386,0.143366560859614,1,1,true,false,false
"effectiveHitPerLaunch","datalinkCondition","command-guided",2,4,"crossing-weave","occluded->live","occluded","live","descriptive",1000,1000,0,0,0,0,0,0,1,1,true,false,false
"effectiveHitPerLaunch","datalinkCondition","command-guided",2,4,"stationary","occluded->live","occluded","live","nondecreasing",1000,877,0,123,0,0.123,0.102633439140386,0.143366560859614,1,1,true,true,false
"effectiveHitPerLaunch","datalinkCondition","command-guided",2,4,"straight-retreat","occluded->live","occluded","live","nondecreasing",1000,1000,0,0,0,0,0,0,1,1,true,true,false
"effectiveHitPerLaunch","datalinkCondition","command-guided",2,4,"turnback","occluded->live","occluded","live","descriptive",1000,877,0,123,0,0.123,0.102633439140386,0.143366560859614,1,1,true,false,false
"effectiveHitPerLaunch","datalinkCondition","command-guided",2,6,"crossing-weave","occluded->live","occluded","live","descriptive",1000,1000,0,0,0,0,0,0,1,1,true,false,false
"effectiveHitPerLaunch","datalinkCondition","command-guided",2,6,"stationary","occluded->live","occluded","live","nondecreasing",1000,877,0,123,0,0.123,0.102633439140386,0.143366560859614,1,1,true,true,false
"effectiveHitPerLaunch","datalinkCondition","command-guided",2,6,"straight-retreat","occluded->live","occluded","live","nondecreasing",1000,1000,0,0,0,0,0,0,1,1,true,true,false
"effectiveHitPerLaunch","datalinkCondition","command-guided",2,6,"turnback","occluded->live","occluded","live","descriptive",1000,877,0,123,0,0.123,0.102633439140386,0.143366560859614,1,1,true,false,false
"effectiveHitPerLaunch","datalinkCondition","command-guided",4,2,"crossing-weave","occluded->live","occluded","live","descriptive",1000,699,0,301,0,0.301,0.272556228404837,0.329443771595163,1,1,true,false,false
"effectiveHitPerLaunch","datalinkCondition","command-guided",4,2,"stationary","occluded->live","occluded","live","nondecreasing",1000,699,0,301,0,0.301,0.272556228404837,0.329443771595163,1,1,true,true,false
"effectiveHitPerLaunch","datalinkCondition","command-guided",4,2,"straight-retreat","occluded->live","occluded","live","nondecreasing",1000,699,0,301,0,0.301,0.272556228404837,0.329443771595163,1,1,true,true,false
"effectiveHitPerLaunch","datalinkCondition","command-guided",4,2,"turnback","occluded->live","occluded","live","descriptive",1000,699,0,301,0,0.301,0.272556228404837,0.329443771595163,1,1,true,false,false
"effectiveHitPerLaunch","datalinkCondition","command-guided",4,4,"crossing-weave","occluded->live","occluded","live","descriptive",1000,699,0,301,0,0.301,0.272556228404837,0.329443771595163,1,1,true,false,false
"effectiveHitPerLaunch","datalinkCondition","command-guided",4,4,"stationary","occluded->live","occluded","live","nondecreasing",1000,699,0,301,0,0.301,0.272556228404837,0.329443771595163,1,1,true,true,false
"effectiveHitPerLaunch","datalinkCondition","command-guided",4,4,"straight-retreat","occluded->live","occluded","live","nondecreasing",1000,1000,0,0,0,0,0,0,1,1,true,true,false
"effectiveHitPerLaunch","datalinkCondition","command-guided",4,4,"turnback","occluded->live","occluded","live","descriptive",1000,699,0,301,0,0.301,0.272556228404837,0.329443771595163,1,1,true,false,false
"effectiveHitPerLaunch","datalinkCondition","command-guided",4,6,"crossing-weave","occluded->live","occluded","live","descriptive",1000,1000,0,0,0,0,0,0,1,1,true,false,false
"effectiveHitPerLaunch","datalinkCondition","command-guided",4,6,"stationary","occluded->live","occluded","live","nondecreasing",1000,699,0,301,0,0.301,0.272556228404837,0.329443771595163,1,1,true,true,false
"effectiveHitPerLaunch","datalinkCondition","command-guided",4,6,"straight-retreat","occluded->live","occluded","live","nondecreasing",1000,1000,0,0,0,0,0,0,1,1,true,true,false
"effectiveHitPerLaunch","datalinkCondition","command-guided",4,6,"turnback","occluded->live","occluded","live","descriptive",1000,699,0,301,0,0.301,0.272556228404837,0.329443771595163,1,1,true,false,false
"effectiveHitPerLaunch","datalinkCondition","command-guided",6,2,"crossing-weave","occluded->live","occluded","live","descriptive",1000,421,0,579,0,0.579,0.54838419545134,0.60961580454866,1,1,true,false,false
"effectiveHitPerLaunch","datalinkCondition","command-guided",6,2,"stationary","occluded->live","occluded","live","nondecreasing",1000,421,0,579,0,0.579,0.54838419545134,0.60961580454866,1,1,true,true,false
"effectiveHitPerLaunch","datalinkCondition","command-guided",6,2,"straight-retreat","occluded->live","occluded","live","nondecreasing",1000,421,0,579,0,0.579,0.54838419545134,0.60961580454866,1,1,true,true,false
"effectiveHitPerLaunch","datalinkCondition","command-guided",6,2,"turnback","occluded->live","occluded","live","descriptive",1000,421,0,579,0,0.579,0.54838419545134,0.60961580454866,1,1,true,false,false
"effectiveHitPerLaunch","datalinkCondition","command-guided",6,4,"crossing-weave","occluded->live","occluded","live","descriptive",1000,421,0,579,0,0.579,0.54838419545134,0.60961580454866,1,1,true,false,false
"effectiveHitPerLaunch","datalinkCondition","command-guided",6,4,"stationary","occluded->live","occluded","live","nondecreasing",1000,421,0,579,0,0.579,0.54838419545134,0.60961580454866,1,1,true,true,false
"effectiveHitPerLaunch","datalinkCondition","command-guided",6,4,"straight-retreat","occluded->live","occluded","live","nondecreasing",1000,421,0,579,0,0.579,0.54838419545134,0.60961580454866,1,1,true,true,false
"effectiveHitPerLaunch","datalinkCondition","command-guided",6,4,"turnback","occluded->live","occluded","live","descriptive",1000,421,0,579,0,0.579,0.54838419545134,0.60961580454866,1,1,true,false,false
"effectiveHitPerLaunch","datalinkCondition","command-guided",6,6,"crossing-weave","occluded->live","occluded","live","descriptive",1000,421,0,579,0,0.579,0.54838419545134,0.60961580454866,1,1,true,false,false
"effectiveHitPerLaunch","datalinkCondition","command-guided",6,6,"stationary","occluded->live","occluded","live","nondecreasing",1000,421,0,579,0,0.579,0.54838419545134,0.60961580454866,1,1,true,true,false
"effectiveHitPerLaunch","datalinkCondition","command-guided",6,6,"straight-retreat","occluded->live","occluded","live","nondecreasing",1000,1000,0,0,0,0,0,0,1,1,true,true,false
"effectiveHitPerLaunch","datalinkCondition","command-guided",6,6,"turnback","occluded->live","occluded","live","descriptive",1000,421,0,579,0,0.579,0.54838419545134,0.60961580454866,1,1,true,false,false
"effectiveHitPerLaunch","datalinkCondition","seeker-only",2,2,"crossing-weave","occluded->live","occluded","live","descriptive",1000,1000,0,0,0,0,0,0,1,1,true,false,false
"effectiveHitPerLaunch","datalinkCondition","seeker-only",2,2,"stationary","occluded->live","occluded","live","nondecreasing",1000,916,0,84,0,0.084,0.0667990383821116,0.101200961617888,1,1,true,true,false
"effectiveHitPerLaunch","datalinkCondition","seeker-only",2,2,"straight-retreat","occluded->live","occluded","live","nondecreasing",1000,1000,0,0,0,0,0,0,1,1,true,true,false
"effectiveHitPerLaunch","datalinkCondition","seeker-only",2,2,"turnback","occluded->live","occluded","live","descriptive",1000,932,0,68,0,0.068,0.05238910655297,0.08361089344703,1,1,true,false,false
"effectiveHitPerLaunch","datalinkCondition","seeker-only",2,4,"crossing-weave","occluded->live","occluded","live","descriptive",1000,1000,0,0,0,0,0,0,1,1,true,false,false
"effectiveHitPerLaunch","datalinkCondition","seeker-only",2,4,"stationary","occluded->live","occluded","live","nondecreasing",1000,916,0,84,0,0.084,0.0667990383821116,0.101200961617888,1,1,true,true,false
"effectiveHitPerLaunch","datalinkCondition","seeker-only",2,4,"straight-retreat","occluded->live","occluded","live","nondecreasing",1000,1000,0,0,0,0,0,0,1,1,true,true,false
"effectiveHitPerLaunch","datalinkCondition","seeker-only",2,4,"turnback","occluded->live","occluded","live","descriptive",1000,943,0,57,0,0.057,0.0426233195064666,0.0713766804935334,1,1,true,false,false
"effectiveHitPerLaunch","datalinkCondition","seeker-only",2,6,"crossing-weave","occluded->live","occluded","live","descriptive",1000,1000,0,0,0,0,0,0,1,1,true,false,false
"effectiveHitPerLaunch","datalinkCondition","seeker-only",2,6,"stationary","occluded->live","occluded","live","nondecreasing",1000,916,0,84,0,0.084,0.0667990383821116,0.101200961617888,1,1,true,true,false
"effectiveHitPerLaunch","datalinkCondition","seeker-only",2,6,"straight-retreat","occluded->live","occluded","live","nondecreasing",1000,1000,0,0,0,0,0,0,1,1,true,true,false
"effectiveHitPerLaunch","datalinkCondition","seeker-only",2,6,"turnback","occluded->live","occluded","live","descriptive",1000,943,0,57,0,0.057,0.0426233195064666,0.0713766804935334,1,1,true,false,false
"effectiveHitPerLaunch","datalinkCondition","seeker-only",4,2,"crossing-weave","occluded->live","occluded","live","descriptive",1000,684,0,316,0,0.316,0.287170511368481,0.344829488631519,1,1,true,false,false
"effectiveHitPerLaunch","datalinkCondition","seeker-only",4,2,"stationary","occluded->live","occluded","live","nondecreasing",1000,633,0,367,0,0.367,0.337111767423603,0.396888232576397,1,1,true,true,false
"effectiveHitPerLaunch","datalinkCondition","seeker-only",4,2,"straight-retreat","occluded->live","occluded","live","nondecreasing",1000,684,0,316,0,0.316,0.287170511368481,0.344829488631519,1,1,true,true,false
"effectiveHitPerLaunch","datalinkCondition","seeker-only",4,2,"turnback","occluded->live","occluded","live","descriptive",1000,684,0,316,0,0.316,0.287170511368481,0.344829488631519,1,1,true,false,false
"effectiveHitPerLaunch","datalinkCondition","seeker-only",4,4,"crossing-weave","occluded->live","occluded","live","descriptive",1000,696,0,304,0,0.304,0.275476240992014,0.332523759007986,1,1,true,false,false
"effectiveHitPerLaunch","datalinkCondition","seeker-only",4,4,"stationary","occluded->live","occluded","live","nondecreasing",1000,633,0,367,0,0.367,0.337111767423603,0.396888232576397,1,1,true,true,false
"effectiveHitPerLaunch","datalinkCondition","seeker-only",4,4,"straight-retreat","occluded->live","occluded","live","nondecreasing",1000,1000,0,0,0,0,0,0,1,1,true,true,false
"effectiveHitPerLaunch","datalinkCondition","seeker-only",4,4,"turnback","occluded->live","occluded","live","descriptive",1000,689,0,311,0,0.311,0.282295158551874,0.339704841448126,1,1,true,false,false
"effectiveHitPerLaunch","datalinkCondition","seeker-only",4,6,"crossing-weave","occluded->live","occluded","live","descriptive",1000,1000,0,0,0,0,0,0,1,1,true,false,false
"effectiveHitPerLaunch","datalinkCondition","seeker-only",4,6,"stationary","occluded->live","occluded","live","nondecreasing",1000,633,0,367,0,0.367,0.337111767423603,0.396888232576397,1,1,true,true,false
"effectiveHitPerLaunch","datalinkCondition","seeker-only",4,6,"straight-retreat","occluded->live","occluded","live","nondecreasing",1000,1000,0,0,0,0,0,0,1,1,true,true,false
"effectiveHitPerLaunch","datalinkCondition","seeker-only",4,6,"turnback","occluded->live","occluded","live","descriptive",1000,696,0,304,0,0.304,0.275476240992014,0.332523759007986,1,1,true,false,false
"effectiveHitPerLaunch","datalinkCondition","seeker-only",6,2,"crossing-weave","occluded->live","occluded","live","descriptive",1000,350,0,650,0,0.65,0.620422868827482,0.679577131172518,1,1,true,false,false
"effectiveHitPerLaunch","datalinkCondition","seeker-only",6,2,"stationary","occluded->live","occluded","live","nondecreasing",1000,324,0,676,0,0.676,0.646979078397915,0.705020921602085,1,1,true,true,false
"effectiveHitPerLaunch","datalinkCondition","seeker-only",6,2,"straight-retreat","occluded->live","occluded","live","nondecreasing",1000,350,0,650,0,0.65,0.620422868827482,0.679577131172518,1,1,true,true,false
"effectiveHitPerLaunch","datalinkCondition","seeker-only",6,2,"turnback","occluded->live","occluded","live","descriptive",1000,350,0,650,0,0.65,0.620422868827482,0.679577131172518,1,1,true,false,false
"effectiveHitPerLaunch","datalinkCondition","seeker-only",6,4,"crossing-weave","occluded->live","occluded","live","descriptive",1000,350,0,650,0,0.65,0.620422868827482,0.679577131172518,1,1,true,false,false
"effectiveHitPerLaunch","datalinkCondition","seeker-only",6,4,"stationary","occluded->live","occluded","live","nondecreasing",1000,324,0,676,0,0.676,0.646979078397915,0.705020921602085,1,1,true,true,false
"effectiveHitPerLaunch","datalinkCondition","seeker-only",6,4,"straight-retreat","occluded->live","occluded","live","nondecreasing",1000,356,0,644,0,0.644,0.614308421987498,0.673691578012502,1,1,true,true,false
"effectiveHitPerLaunch","datalinkCondition","seeker-only",6,4,"turnback","occluded->live","occluded","live","descriptive",1000,350,0,650,0,0.65,0.620422868827482,0.679577131172518,1,1,true,false,false
"effectiveHitPerLaunch","datalinkCondition","seeker-only",6,6,"crossing-weave","occluded->live","occluded","live","descriptive",1000,353,0,647,0,0.647,0.617365006253223,0.676634993746777,1,1,true,false,false
"effectiveHitPerLaunch","datalinkCondition","seeker-only",6,6,"stationary","occluded->live","occluded","live","nondecreasing",1000,324,0,676,0,0.676,0.646979078397915,0.705020921602085,1,1,true,true,false
"effectiveHitPerLaunch","datalinkCondition","seeker-only",6,6,"straight-retreat","occluded->live","occluded","live","nondecreasing",1000,1000,0,0,0,0,0,0,1,1,true,true,false
"effectiveHitPerLaunch","datalinkCondition","seeker-only",6,6,"turnback","occluded->live","occluded","live","descriptive",1000,353,0,647,0,0.647,0.617365006253223,0.676634993746777,1,1,true,false,false
"effectiveHitPerLaunch","datalinkCondition","sensor-only",2,2,"crossing-weave","occluded->live","occluded","live","descriptive",1000,1000,0,0,0,0,0,0,1,1,true,false,false
"effectiveHitPerLaunch","datalinkCondition","sensor-only",2,2,"stationary","occluded->live","occluded","live","nondecreasing",1000,877,0,0,123,0,0,0,1,1,true,true,false
"effectiveHitPerLaunch","datalinkCondition","sensor-only",2,2,"straight-retreat","occluded->live","occluded","live","nondecreasing",1000,1000,0,0,0,0,0,0,1,1,true,true,false
"effectiveHitPerLaunch","datalinkCondition","sensor-only",2,2,"turnback","occluded->live","occluded","live","descriptive",1000,877,0,0,123,0,0,0,1,1,true,false,false
"effectiveHitPerLaunch","datalinkCondition","sensor-only",2,4,"crossing-weave","occluded->live","occluded","live","descriptive",1000,1000,0,0,0,0,0,0,1,1,true,false,false
"effectiveHitPerLaunch","datalinkCondition","sensor-only",2,4,"stationary","occluded->live","occluded","live","nondecreasing",1000,877,0,0,123,0,0,0,1,1,true,true,false
"effectiveHitPerLaunch","datalinkCondition","sensor-only",2,4,"straight-retreat","occluded->live","occluded","live","nondecreasing",1000,1000,0,0,0,0,0,0,1,1,true,true,false
"effectiveHitPerLaunch","datalinkCondition","sensor-only",2,4,"turnback","occluded->live","occluded","live","descriptive",1000,877,0,0,123,0,0,0,1,1,true,false,false
"effectiveHitPerLaunch","datalinkCondition","sensor-only",2,6,"crossing-weave","occluded->live","occluded","live","descriptive",1000,1000,0,0,0,0,0,0,1,1,true,false,false
"effectiveHitPerLaunch","datalinkCondition","sensor-only",2,6,"stationary","occluded->live","occluded","live","nondecreasing",1000,877,0,0,123,0,0,0,1,1,true,true,false
"effectiveHitPerLaunch","datalinkCondition","sensor-only",2,6,"straight-retreat","occluded->live","occluded","live","nondecreasing",1000,1000,0,0,0,0,0,0,1,1,true,true,false
"effectiveHitPerLaunch","datalinkCondition","sensor-only",2,6,"turnback","occluded->live","occluded","live","descriptive",1000,877,0,0,123,0,0,0,1,1,true,false,false
"effectiveHitPerLaunch","datalinkCondition","sensor-only",4,2,"crossing-weave","occluded->live","occluded","live","descriptive",1000,699,0,0,301,0,0,0,1,1,true,false,false
"effectiveHitPerLaunch","datalinkCondition","sensor-only",4,2,"stationary","occluded->live","occluded","live","nondecreasing",1000,699,0,0,301,0,0,0,1,1,true,true,false
"effectiveHitPerLaunch","datalinkCondition","sensor-only",4,2,"straight-retreat","occluded->live","occluded","live","nondecreasing",1000,699,0,0,301,0,0,0,1,1,true,true,false
"effectiveHitPerLaunch","datalinkCondition","sensor-only",4,2,"turnback","occluded->live","occluded","live","descriptive",1000,699,0,0,301,0,0,0,1,1,true,false,false
"effectiveHitPerLaunch","datalinkCondition","sensor-only",4,4,"crossing-weave","occluded->live","occluded","live","descriptive",1000,699,0,0,301,0,0,0,1,1,true,false,false
"effectiveHitPerLaunch","datalinkCondition","sensor-only",4,4,"stationary","occluded->live","occluded","live","nondecreasing",1000,699,0,0,301,0,0,0,1,1,true,true,false
"effectiveHitPerLaunch","datalinkCondition","sensor-only",4,4,"straight-retreat","occluded->live","occluded","live","nondecreasing",1000,1000,0,0,0,0,0,0,1,1,true,true,false
"effectiveHitPerLaunch","datalinkCondition","sensor-only",4,4,"turnback","occluded->live","occluded","live","descriptive",1000,699,0,0,301,0,0,0,1,1,true,false,false
"effectiveHitPerLaunch","datalinkCondition","sensor-only",4,6,"crossing-weave","occluded->live","occluded","live","descriptive",1000,1000,0,0,0,0,0,0,1,1,true,false,false
"effectiveHitPerLaunch","datalinkCondition","sensor-only",4,6,"stationary","occluded->live","occluded","live","nondecreasing",1000,699,0,0,301,0,0,0,1,1,true,true,false
"effectiveHitPerLaunch","datalinkCondition","sensor-only",4,6,"straight-retreat","occluded->live","occluded","live","nondecreasing",1000,1000,0,0,0,0,0,0,1,1,true,true,false
"effectiveHitPerLaunch","datalinkCondition","sensor-only",4,6,"turnback","occluded->live","occluded","live","descriptive",1000,699,0,0,301,0,0,0,1,1,true,false,false
"effectiveHitPerLaunch","datalinkCondition","sensor-only",6,2,"crossing-weave","occluded->live","occluded","live","descriptive",1000,421,0,0,579,0,0,0,1,1,true,false,false
"effectiveHitPerLaunch","datalinkCondition","sensor-only",6,2,"stationary","occluded->live","occluded","live","nondecreasing",1000,421,0,0,579,0,0,0,1,1,true,true,false
"effectiveHitPerLaunch","datalinkCondition","sensor-only",6,2,"straight-retreat","occluded->live","occluded","live","nondecreasing",1000,421,0,0,579,0,0,0,1,1,true,true,false
"effectiveHitPerLaunch","datalinkCondition","sensor-only",6,2,"turnback","occluded->live","occluded","live","descriptive",1000,421,0,0,579,0,0,0,1,1,true,false,false
"effectiveHitPerLaunch","datalinkCondition","sensor-only",6,4,"crossing-weave","occluded->live","occluded","live","descriptive",1000,421,0,0,579,0,0,0,1,1,true,false,false
"effectiveHitPerLaunch","datalinkCondition","sensor-only",6,4,"stationary","occluded->live","occluded","live","nondecreasing",1000,421,0,0,579,0,0,0,1,1,true,true,false
"effectiveHitPerLaunch","datalinkCondition","sensor-only",6,4,"straight-retreat","occluded->live","occluded","live","nondecreasing",1000,421,0,0,579,0,0,0,1,1,true,true,false
"effectiveHitPerLaunch","datalinkCondition","sensor-only",6,4,"turnback","occluded->live","occluded","live","descriptive",1000,421,0,0,579,0,0,0,1,1,true,false,false
"effectiveHitPerLaunch","datalinkCondition","sensor-only",6,6,"crossing-weave","occluded->live","occluded","live","descriptive",1000,421,0,0,579,0,0,0,1,1,true,false,false
"effectiveHitPerLaunch","datalinkCondition","sensor-only",6,6,"stationary","occluded->live","occluded","live","nondecreasing",1000,421,0,0,579,0,0,0,1,1,true,true,false
"effectiveHitPerLaunch","datalinkCondition","sensor-only",6,6,"straight-retreat","occluded->live","occluded","live","nondecreasing",1000,1000,0,0,0,0,0,0,1,1,true,true,false
"effectiveHitPerLaunch","datalinkCondition","sensor-only",6,6,"turnback","occluded->live","occluded","live","descriptive",1000,421,0,0,579,0,0,0,1,1,true,false,false
"effectiveHitPerLaunch","datalinkCondition","sensor-plus-seeker",2,2,"crossing-weave","occluded->live","occluded","live","descriptive",1000,1000,0,0,0,0,0,0,1,1,true,false,false
"effectiveHitPerLaunch","datalinkCondition","sensor-plus-seeker",2,2,"stationary","occluded->live","occluded","live","nondecreasing",1000,858,0,0,142,0,0,0,1,1,true,true,false
"effectiveHitPerLaunch","datalinkCondition","sensor-plus-seeker",2,2,"straight-retreat","occluded->live","occluded","live","nondecreasing",1000,1000,0,0,0,0,0,0,1,1,true,true,false
"effectiveHitPerLaunch","datalinkCondition","sensor-plus-seeker",2,2,"turnback","occluded->live","occluded","live","descriptive",1000,858,0,0,142,0,0,0,1,1,true,false,false
"effectiveHitPerLaunch","datalinkCondition","sensor-plus-seeker",2,4,"crossing-weave","occluded->live","occluded","live","descriptive",1000,1000,0,0,0,0,0,0,1,1,true,false,false
"effectiveHitPerLaunch","datalinkCondition","sensor-plus-seeker",2,4,"stationary","occluded->live","occluded","live","nondecreasing",1000,858,0,0,142,0,0,0,1,1,true,true,false
"effectiveHitPerLaunch","datalinkCondition","sensor-plus-seeker",2,4,"straight-retreat","occluded->live","occluded","live","nondecreasing",1000,1000,0,0,0,0,0,0,1,1,true,true,false
"effectiveHitPerLaunch","datalinkCondition","sensor-plus-seeker",2,4,"turnback","occluded->live","occluded","live","descriptive",1000,858,0,0,142,0,0,0,1,1,true,false,false
"effectiveHitPerLaunch","datalinkCondition","sensor-plus-seeker",2,6,"crossing-weave","occluded->live","occluded","live","descriptive",1000,1000,0,0,0,0,0,0,1,1,true,false,false
"effectiveHitPerLaunch","datalinkCondition","sensor-plus-seeker",2,6,"stationary","occluded->live","occluded","live","nondecreasing",1000,858,0,0,142,0,0,0,1,1,true,true,false
"effectiveHitPerLaunch","datalinkCondition","sensor-plus-seeker",2,6,"straight-retreat","occluded->live","occluded","live","nondecreasing",1000,1000,0,0,0,0,0,0,1,1,true,true,false
"effectiveHitPerLaunch","datalinkCondition","sensor-plus-seeker",2,6,"turnback","occluded->live","occluded","live","descriptive",1000,858,0,0,142,0,0,0,1,1,true,false,false
"effectiveHitPerLaunch","datalinkCondition","sensor-plus-seeker",4,2,"crossing-weave","occluded->live","occluded","live","descriptive",1000,630,0,0,370,0,0,0,1,1,true,false,false
"effectiveHitPerLaunch","datalinkCondition","sensor-plus-seeker",4,2,"stationary","occluded->live","occluded","live","nondecreasing",1000,630,0,0,370,0,0,0,1,1,true,true,false
"effectiveHitPerLaunch","datalinkCondition","sensor-plus-seeker",4,2,"straight-retreat","occluded->live","occluded","live","nondecreasing",1000,630,0,0,370,0,0,0,1,1,true,true,false
"effectiveHitPerLaunch","datalinkCondition","sensor-plus-seeker",4,2,"turnback","occluded->live","occluded","live","descriptive",1000,630,0,0,370,0,0,0,1,1,true,false,false
"effectiveHitPerLaunch","datalinkCondition","sensor-plus-seeker",4,4,"crossing-weave","occluded->live","occluded","live","descriptive",1000,630,0,0,370,0,0,0,1,1,true,false,false
"effectiveHitPerLaunch","datalinkCondition","sensor-plus-seeker",4,4,"stationary","occluded->live","occluded","live","nondecreasing",1000,630,0,0,370,0,0,0,1,1,true,true,false
"effectiveHitPerLaunch","datalinkCondition","sensor-plus-seeker",4,4,"straight-retreat","occluded->live","occluded","live","nondecreasing",1000,1000,0,0,0,0,0,0,1,1,true,true,false
"effectiveHitPerLaunch","datalinkCondition","sensor-plus-seeker",4,4,"turnback","occluded->live","occluded","live","descriptive",1000,630,0,0,370,0,0,0,1,1,true,false,false
"effectiveHitPerLaunch","datalinkCondition","sensor-plus-seeker",4,6,"crossing-weave","occluded->live","occluded","live","descriptive",1000,1000,0,0,0,0,0,0,1,1,true,false,false
"effectiveHitPerLaunch","datalinkCondition","sensor-plus-seeker",4,6,"stationary","occluded->live","occluded","live","nondecreasing",1000,630,0,0,370,0,0,0,1,1,true,true,false
"effectiveHitPerLaunch","datalinkCondition","sensor-plus-seeker",4,6,"straight-retreat","occluded->live","occluded","live","nondecreasing",1000,1000,0,0,0,0,0,0,1,1,true,true,false
"effectiveHitPerLaunch","datalinkCondition","sensor-plus-seeker",4,6,"turnback","occluded->live","occluded","live","descriptive",1000,630,0,0,370,0,0,0,1,1,true,false,false
"effectiveHitPerLaunch","datalinkCondition","sensor-plus-seeker",6,2,"crossing-weave","occluded->live","occluded","live","descriptive",1000,328,0,0,672,0,0,0,1,1,true,false,false
"effectiveHitPerLaunch","datalinkCondition","sensor-plus-seeker",6,2,"stationary","occluded->live","occluded","live","nondecreasing",1000,328,0,0,672,0,0,0,1,1,true,true,false
"effectiveHitPerLaunch","datalinkCondition","sensor-plus-seeker",6,2,"straight-retreat","occluded->live","occluded","live","nondecreasing",1000,328,0,0,672,0,0,0,1,1,true,true,false
"effectiveHitPerLaunch","datalinkCondition","sensor-plus-seeker",6,2,"turnback","occluded->live","occluded","live","descriptive",1000,328,0,0,672,0,0,0,1,1,true,false,false
"effectiveHitPerLaunch","datalinkCondition","sensor-plus-seeker",6,4,"crossing-weave","occluded->live","occluded","live","descriptive",1000,328,0,0,672,0,0,0,1,1,true,false,false
"effectiveHitPerLaunch","datalinkCondition","sensor-plus-seeker",6,4,"stationary","occluded->live","occluded","live","nondecreasing",1000,328,0,0,672,0,0,0,1,1,true,true,false
"effectiveHitPerLaunch","datalinkCondition","sensor-plus-seeker",6,4,"straight-retreat","occluded->live","occluded","live","nondecreasing",1000,328,0,0,672,0,0,0,1,1,true,true,false
"effectiveHitPerLaunch","datalinkCondition","sensor-plus-seeker",6,4,"turnback","occluded->live","occluded","live","descriptive",1000,328,0,0,672,0,0,0,1,1,true,false,false
"effectiveHitPerLaunch","datalinkCondition","sensor-plus-seeker",6,6,"crossing-weave","occluded->live","occluded","live","descriptive",1000,328,0,0,672,0,0,0,1,1,true,false,false
"effectiveHitPerLaunch","datalinkCondition","sensor-plus-seeker",6,6,"stationary","occluded->live","occluded","live","nondecreasing",1000,328,0,0,672,0,0,0,1,1,true,true,false
"effectiveHitPerLaunch","datalinkCondition","sensor-plus-seeker",6,6,"straight-retreat","occluded->live","occluded","live","nondecreasing",1000,1000,0,0,0,0,0,0,1,1,true,true,false
"effectiveHitPerLaunch","datalinkCondition","sensor-plus-seeker",6,6,"turnback","occluded->live","occluded","live","descriptive",1000,328,0,0,672,0,0,0,1,1,true,false,false
"effectiveHitPerLaunch","missileTechnologyLevel","command-guided",2,2,"crossing-weave","live","2","4","nondecreasing",1000,699,0,301,0,0.301,0.272556228404837,0.329443771595163,1,1,true,true,false
"effectiveHitPerLaunch","missileTechnologyLevel","command-guided",2,2,"crossing-weave","occluded","2","4","nondecreasing",1000,1000,0,0,0,0,0,0,1,1,true,true,false
"effectiveHitPerLaunch","missileTechnologyLevel","command-guided",2,2,"stationary","live","2","4","nondecreasing",1000,699,0,178,123,0.178,0.154280187219815,0.201719812780185,1,1,true,true,false
"effectiveHitPerLaunch","missileTechnologyLevel","command-guided",2,2,"stationary","occluded","2","4","nondecreasing",1000,1000,0,0,0,0,0,0,1,1,true,true,false
"effectiveHitPerLaunch","missileTechnologyLevel","command-guided",2,2,"straight-retreat","live","2","4","nondecreasing",1000,699,0,301,0,0.301,0.272556228404837,0.329443771595163,1,1,true,true,false
"effectiveHitPerLaunch","missileTechnologyLevel","command-guided",2,2,"straight-retreat","occluded","2","4","nondecreasing",1000,1000,0,0,0,0,0,0,1,1,true,true,false
"effectiveHitPerLaunch","missileTechnologyLevel","command-guided",2,2,"turnback","live","2","4","nondecreasing",1000,699,0,178,123,0.178,0.154280187219815,0.201719812780185,1,1,true,true,false
"effectiveHitPerLaunch","missileTechnologyLevel","command-guided",2,2,"turnback","occluded","2","4","nondecreasing",1000,1000,0,0,0,0,0,0,1,1,true,true,false
"effectiveHitPerLaunch","missileTechnologyLevel","command-guided",2,4,"crossing-weave","live","2","4","nondecreasing",1000,699,0,301,0,0.301,0.272556228404837,0.329443771595163,1,1,true,true,false
"effectiveHitPerLaunch","missileTechnologyLevel","command-guided",2,4,"crossing-weave","occluded","2","4","nondecreasing",1000,1000,0,0,0,0,0,0,1,1,true,true,false
"effectiveHitPerLaunch","missileTechnologyLevel","command-guided",2,4,"stationary","live","2","4","nondecreasing",1000,699,0,178,123,0.178,0.154280187219815,0.201719812780185,1,1,true,true,false
"effectiveHitPerLaunch","missileTechnologyLevel","command-guided",2,4,"stationary","occluded","2","4","nondecreasing",1000,1000,0,0,0,0,0,0,1,1,true,true,false
"effectiveHitPerLaunch","missileTechnologyLevel","command-guided",2,4,"straight-retreat","live","2","4","nondecreasing",1000,1000,0,0,0,0,0,0,1,1,true,true,false
"effectiveHitPerLaunch","missileTechnologyLevel","command-guided",2,4,"straight-retreat","occluded","2","4","nondecreasing",1000,1000,0,0,0,0,0,0,1,1,true,true,false
"effectiveHitPerLaunch","missileTechnologyLevel","command-guided",2,4,"turnback","live","2","4","nondecreasing",1000,699,0,178,123,0.178,0.154280187219815,0.201719812780185,1,1,true,true,false
"effectiveHitPerLaunch","missileTechnologyLevel","command-guided",2,4,"turnback","occluded","2","4","nondecreasing",1000,1000,0,0,0,0,0,0,1,1,true,true,false
"effectiveHitPerLaunch","missileTechnologyLevel","command-guided",2,6,"crossing-weave","live","2","4","nondecreasing",1000,1000,0,0,0,0,0,0,1,1,true,true,false
"effectiveHitPerLaunch","missileTechnologyLevel","command-guided",2,6,"crossing-weave","occluded","2","4","nondecreasing",1000,1000,0,0,0,0,0,0,1,1,true,true,false
"effectiveHitPerLaunch","missileTechnologyLevel","command-guided",2,6,"stationary","live","2","4","nondecreasing",1000,699,0,178,123,0.178,0.154280187219815,0.201719812780185,1,1,true,true,false
"effectiveHitPerLaunch","missileTechnologyLevel","command-guided",2,6,"stationary","occluded","2","4","nondecreasing",1000,1000,0,0,0,0,0,0,1,1,true,true,false
"effectiveHitPerLaunch","missileTechnologyLevel","command-guided",2,6,"straight-retreat","live","2","4","nondecreasing",1000,1000,0,0,0,0,0,0,1,1,true,true,false
"effectiveHitPerLaunch","missileTechnologyLevel","command-guided",2,6,"straight-retreat","occluded","2","4","nondecreasing",1000,1000,0,0,0,0,0,0,1,1,true,true,false
"effectiveHitPerLaunch","missileTechnologyLevel","command-guided",2,6,"turnback","live","2","4","nondecreasing",1000,699,0,178,123,0.178,0.154280187219815,0.201719812780185,1,1,true,true,false
"effectiveHitPerLaunch","missileTechnologyLevel","command-guided",2,6,"turnback","occluded","2","4","nondecreasing",1000,1000,0,0,0,0,0,0,1,1,true,true,false
"effectiveHitPerLaunch","missileTechnologyLevel","command-guided",4,2,"crossing-weave","live","4","6","nondecreasing",1000,421,0,278,301,0.278,0.250218458237219,0.305781541762781,1,1,true,true,false
"effectiveHitPerLaunch","missileTechnologyLevel","command-guided",4,2,"crossing-weave","occluded","4","6","nondecreasing",1000,1000,0,0,0,0,0,0,1,1,true,true,false
"effectiveHitPerLaunch","missileTechnologyLevel","command-guided",4,2,"stationary","live","4","6","nondecreasing",1000,421,0,278,301,0.278,0.250218458237219,0.305781541762781,1,1,true,true,false
"effectiveHitPerLaunch","missileTechnologyLevel","command-guided",4,2,"stationary","occluded","4","6","nondecreasing",1000,1000,0,0,0,0,0,0,1,1,true,true,false
"effectiveHitPerLaunch","missileTechnologyLevel","command-guided",4,2,"straight-retreat","live","4","6","nondecreasing",1000,421,0,278,301,0.278,0.250218458237219,0.305781541762781,1,1,true,true,false
"effectiveHitPerLaunch","missileTechnologyLevel","command-guided",4,2,"straight-retreat","occluded","4","6","nondecreasing",1000,1000,0,0,0,0,0,0,1,1,true,true,false
"effectiveHitPerLaunch","missileTechnologyLevel","command-guided",4,2,"turnback","live","4","6","nondecreasing",1000,421,0,278,301,0.278,0.250218458237219,0.305781541762781,1,1,true,true,false
"effectiveHitPerLaunch","missileTechnologyLevel","command-guided",4,2,"turnback","occluded","4","6","nondecreasing",1000,1000,0,0,0,0,0,0,1,1,true,true,false
"effectiveHitPerLaunch","missileTechnologyLevel","command-guided",4,4,"crossing-weave","live","4","6","nondecreasing",1000,421,0,278,301,0.278,0.250218458237219,0.305781541762781,1,1,true,true,false
"effectiveHitPerLaunch","missileTechnologyLevel","command-guided",4,4,"crossing-weave","occluded","4","6","nondecreasing",1000,1000,0,0,0,0,0,0,1,1,true,true,false
"effectiveHitPerLaunch","missileTechnologyLevel","command-guided",4,4,"stationary","live","4","6","nondecreasing",1000,421,0,278,301,0.278,0.250218458237219,0.305781541762781,1,1,true,true,false
"effectiveHitPerLaunch","missileTechnologyLevel","command-guided",4,4,"stationary","occluded","4","6","nondecreasing",1000,1000,0,0,0,0,0,0,1,1,true,true,false
"effectiveHitPerLaunch","missileTechnologyLevel","command-guided",4,4,"straight-retreat","live","4","6","nondecreasing",1000,421,0,579,0,0.579,0.54838419545134,0.60961580454866,1,1,true,true,false
"effectiveHitPerLaunch","missileTechnologyLevel","command-guided",4,4,"straight-retreat","occluded","4","6","nondecreasing",1000,1000,0,0,0,0,0,0,1,1,true,true,false
"effectiveHitPerLaunch","missileTechnologyLevel","command-guided",4,4,"turnback","live","4","6","nondecreasing",1000,421,0,278,301,0.278,0.250218458237219,0.305781541762781,1,1,true,true,false
"effectiveHitPerLaunch","missileTechnologyLevel","command-guided",4,4,"turnback","occluded","4","6","nondecreasing",1000,1000,0,0,0,0,0,0,1,1,true,true,false
"effectiveHitPerLaunch","missileTechnologyLevel","command-guided",4,6,"crossing-weave","live","4","6","nondecreasing",1000,421,0,579,0,0.579,0.54838419545134,0.60961580454866,1,1,true,true,false
"effectiveHitPerLaunch","missileTechnologyLevel","command-guided",4,6,"crossing-weave","occluded","4","6","nondecreasing",1000,1000,0,0,0,0,0,0,1,1,true,true,false
"effectiveHitPerLaunch","missileTechnologyLevel","command-guided",4,6,"stationary","live","4","6","nondecreasing",1000,421,0,278,301,0.278,0.250218458237219,0.305781541762781,1,1,true,true,false
"effectiveHitPerLaunch","missileTechnologyLevel","command-guided",4,6,"stationary","occluded","4","6","nondecreasing",1000,1000,0,0,0,0,0,0,1,1,true,true,false
"effectiveHitPerLaunch","missileTechnologyLevel","command-guided",4,6,"straight-retreat","live","4","6","nondecreasing",1000,1000,0,0,0,0,0,0,1,1,true,true,false
"effectiveHitPerLaunch","missileTechnologyLevel","command-guided",4,6,"straight-retreat","occluded","4","6","nondecreasing",1000,1000,0,0,0,0,0,0,1,1,true,true,false
"effectiveHitPerLaunch","missileTechnologyLevel","command-guided",4,6,"turnback","live","4","6","nondecreasing",1000,421,0,278,301,0.278,0.250218458237219,0.305781541762781,1,1,true,true,false
"effectiveHitPerLaunch","missileTechnologyLevel","command-guided",4,6,"turnback","occluded","4","6","nondecreasing",1000,1000,0,0,0,0,0,0,1,1,true,true,false
"effectiveHitPerLaunch","missileTechnologyLevel","seeker-only",2,2,"crossing-weave","live","2","4","nondecreasing",1000,684,0,316,0,0.316,0.287170511368481,0.344829488631519,1,1,true,true,false
"effectiveHitPerLaunch","missileTechnologyLevel","seeker-only",2,2,"crossing-weave","occluded","2","4","nondecreasing",1000,1000,0,0,0,0,0,0,1,1,true,true,false
"effectiveHitPerLaunch","missileTechnologyLevel","seeker-only",2,2,"stationary","live","2","4","nondecreasing",1000,633,0,283,84,0.283,0.25506696390882,0.31093303609118,1,1,true,true,false
"effectiveHitPerLaunch","missileTechnologyLevel","seeker-only",2,2,"stationary","occluded","2","4","nondecreasing",1000,1000,0,0,0,0,0,0,1,1,true,true,false
"effectiveHitPerLaunch","missileTechnologyLevel","seeker-only",2,2,"straight-retreat","live","2","4","nondecreasing",1000,684,0,316,0,0.316,0.287170511368481,0.344829488631519,1,1,true,true,false
"effectiveHitPerLaunch","missileTechnologyLevel","seeker-only",2,2,"straight-retreat","occluded","2","4","nondecreasing",1000,1000,0,0,0,0,0,0,1,1,true,true,false
"effectiveHitPerLaunch","missileTechnologyLevel","seeker-only",2,2,"turnback","live","2","4","nondecreasing",1000,684,0,248,68,0.248,0.221220645301609,0.274779354698391,1,1,true,true,false
"effectiveHitPerLaunch","missileTechnologyLevel","seeker-only",2,2,"turnback","occluded","2","4","nondecreasing",1000,1000,0,0,0,0,0,0,1,1,true,true,false
"effectiveHitPerLaunch","missileTechnologyLevel","seeker-only",2,4,"crossing-weave","live","2","4","nondecreasing",1000,696,0,304,0,0.304,0.275476240992014,0.332523759007986,1,1,true,true,false
"effectiveHitPerLaunch","missileTechnologyLevel","seeker-only",2,4,"crossing-weave","occluded","2","4","nondecreasing",1000,1000,0,0,0,0,0,0,1,1,true,true,false
"effectiveHitPerLaunch","missileTechnologyLevel","seeker-only",2,4,"stationary","live","2","4","nondecreasing",1000,633,0,283,84,0.283,0.25506696390882,0.31093303609118,1,1,true,true,false
"effectiveHitPerLaunch","missileTechnologyLevel","seeker-only",2,4,"stationary","occluded","2","4","nondecreasing",1000,1000,0,0,0,0,0,0,1,1,true,true,false
"effectiveHitPerLaunch","missileTechnologyLevel","seeker-only",2,4,"straight-retreat","live","2","4","nondecreasing",1000,1000,0,0,0,0,0,0,1,1,true,true,false
"effectiveHitPerLaunch","missileTechnologyLevel","seeker-only",2,4,"straight-retreat","occluded","2","4","nondecreasing",1000,1000,0,0,0,0,0,0,1,1,true,true,false
"effectiveHitPerLaunch","missileTechnologyLevel","seeker-only",2,4,"turnback","live","2","4","nondecreasing",1000,689,0,254,57,0.254,0.227006971144623,0.280993028855377,1,1,true,true,false
"effectiveHitPerLaunch","missileTechnologyLevel","seeker-only",2,4,"turnback","occluded","2","4","nondecreasing",1000,1000,0,0,0,0,0,0,1,1,true,true,false
"effectiveHitPerLaunch","missileTechnologyLevel","seeker-only",2,6,"crossing-weave","live","2","4","nondecreasing",1000,1000,0,0,0,0,0,0,1,1,true,true,false
"effectiveHitPerLaunch","missileTechnologyLevel","seeker-only",2,6,"crossing-weave","occluded","2","4","nondecreasing",1000,1000,0,0,0,0,0,0,1,1,true,true,false
"effectiveHitPerLaunch","missileTechnologyLevel","seeker-only",2,6,"stationary","live","2","4","nondecreasing",1000,633,0,283,84,0.283,0.25506696390882,0.31093303609118,1,1,true,true,false
"effectiveHitPerLaunch","missileTechnologyLevel","seeker-only",2,6,"stationary","occluded","2","4","nondecreasing",1000,1000,0,0,0,0,0,0,1,1,true,true,false
"effectiveHitPerLaunch","missileTechnologyLevel","seeker-only",2,6,"straight-retreat","live","2","4","nondecreasing",1000,1000,0,0,0,0,0,0,1,1,true,true,false
"effectiveHitPerLaunch","missileTechnologyLevel","seeker-only",2,6,"straight-retreat","occluded","2","4","nondecreasing",1000,1000,0,0,0,0,0,0,1,1,true,true,false
"effectiveHitPerLaunch","missileTechnologyLevel","seeker-only",2,6,"turnback","live","2","4","nondecreasing",1000,696,0,247,57,0.247,0.220256926887899,0.273743073112101,1,1,true,true,false
"effectiveHitPerLaunch","missileTechnologyLevel","seeker-only",2,6,"turnback","occluded","2","4","nondecreasing",1000,1000,0,0,0,0,0,0,1,1,true,true,false
"effectiveHitPerLaunch","missileTechnologyLevel","seeker-only",4,2,"crossing-weave","live","4","6","nondecreasing",1000,347,3,337,313,0.334,0.304361567931314,0.363638432068686,1,1,true,true,false
"effectiveHitPerLaunch","missileTechnologyLevel","seeker-only",4,2,"crossing-weave","occluded","4","6","nondecreasing",1000,1000,0,0,0,0,0,0,1,1,true,true,false
"effectiveHitPerLaunch","missileTechnologyLevel","seeker-only",4,2,"stationary","live","4","6","nondecreasing",1000,321,3,312,364,0.309,0.279946302882832,0.338053697117168,1,1,true,true,false
"effectiveHitPerLaunch","missileTechnologyLevel","seeker-only",4,2,"stationary","occluded","4","6","nondecreasing",1000,1000,0,0,0,0,0,0,1,1,true,true,false
"effectiveHitPerLaunch","missileTechnologyLevel","seeker-only",4,2,"straight-retreat","live","4","6","nondecreasing",1000,347,3,337,313,0.334,0.304361567931314,0.363638432068686,1,1,true,true,false
"effectiveHitPerLaunch","missileTechnologyLevel","seeker-only",4,2,"straight-retreat","occluded","4","6","nondecreasing",1000,1000,0,0,0,0,0,0,1,1,true,true,false
"effectiveHitPerLaunch","missileTechnologyLevel","seeker-only",4,2,"turnback","live","4","6","nondecreasing",1000,347,3,337,313,0.334,0.304361567931314,0.363638432068686,1,1,true,true,false
"effectiveHitPerLaunch","missileTechnologyLevel","seeker-only",4,2,"turnback","occluded","4","6","nondecreasing",1000,1000,0,0,0,0,0,0,1,1,true,true,false
"effectiveHitPerLaunch","missileTechnologyLevel","seeker-only",4,4,"crossing-weave","live","4","6","nondecreasing",1000,349,1,347,303,0.346,0.316371948986979,0.375628051013021,1,1,true,true,false
"effectiveHitPerLaunch","missileTechnologyLevel","seeker-only",4,4,"crossing-weave","occluded","4","6","nondecreasing",1000,1000,0,0,0,0,0,0,1,1,true,true,false
"effectiveHitPerLaunch","missileTechnologyLevel","seeker-only",4,4,"stationary","live","4","6","nondecreasing",1000,321,3,312,364,0.309,0.279946302882832,0.338053697117168,1,1,true,true,false
"effectiveHitPerLaunch","missileTechnologyLevel","seeker-only",4,4,"stationary","occluded","4","6","nondecreasing",1000,1000,0,0,0,0,0,0,1,1,true,true,false
"effectiveHitPerLaunch","missileTechnologyLevel","seeker-only",4,4,"straight-retreat","live","4","6","nondecreasing",1000,356,0,644,0,0.644,0.614308421987498,0.673691578012502,1,1,true,true,false
"effectiveHitPerLaunch","missileTechnologyLevel","seeker-only",4,4,"straight-retreat","occluded","4","6","nondecreasing",1000,1000,0,0,0,0,0,0,1,1,true,true,false
"effectiveHitPerLaunch","missileTechnologyLevel","seeker-only",4,4,"turnback","live","4","6","nondecreasing",1000,348,2,341,309,0.339,0.309385255032593,0.368614744967407,1,1,true,true,false
"effectiveHitPerLaunch","missileTechnologyLevel","seeker-only",4,4,"turnback","occluded","4","6","nondecreasing",1000,1000,0,0,0,0,0,0,1,1,true,true,false
"effectiveHitPerLaunch","missileTechnologyLevel","seeker-only",4,6,"crossing-weave","live","4","6","nondecreasing",1000,353,0,647,0,0.647,0.617365006253223,0.676634993746777,1,1,true,true,false
"effectiveHitPerLaunch","missileTechnologyLevel","seeker-only",4,6,"crossing-weave","occluded","4","6","nondecreasing",1000,1000,0,0,0,0,0,0,1,1,true,true,false
"effectiveHitPerLaunch","missileTechnologyLevel","seeker-only",4,6,"stationary","live","4","6","nondecreasing",1000,321,3,312,364,0.309,0.279946302882832,0.338053697117168,1,1,true,true,false
"effectiveHitPerLaunch","missileTechnologyLevel","seeker-only",4,6,"stationary","occluded","4","6","nondecreasing",1000,1000,0,0,0,0,0,0,1,1,true,true,false
"effectiveHitPerLaunch","missileTechnologyLevel","seeker-only",4,6,"straight-retreat","live","4","6","nondecreasing",1000,1000,0,0,0,0,0,0,1,1,true,true,false
"effectiveHitPerLaunch","missileTechnologyLevel","seeker-only",4,6,"straight-retreat","occluded","4","6","nondecreasing",1000,1000,0,0,0,0,0,0,1,1,true,true,false
"effectiveHitPerLaunch","missileTechnologyLevel","seeker-only",4,6,"turnback","live","4","6","nondecreasing",1000,352,1,344,303,0.343,0.313432556111802,0.372567443888198,1,1,true,true,false
"effectiveHitPerLaunch","missileTechnologyLevel","seeker-only",4,6,"turnback","occluded","4","6","nondecreasing",1000,1000,0,0,0,0,0,0,1,1,true,true,false
"effectiveHitPerLaunch","missileTechnologyLevel","sensor-only",2,2,"crossing-weave","live","2","4","nondecreasing",1000,699,0,301,0,0.301,0.272556228404837,0.329443771595163,1,1,true,true,false
"effectiveHitPerLaunch","missileTechnologyLevel","sensor-only",2,2,"crossing-weave","occluded","2","4","nondecreasing",1000,699,0,301,0,0.301,0.272556228404837,0.329443771595163,1,1,true,true,false
"effectiveHitPerLaunch","missileTechnologyLevel","sensor-only",2,2,"stationary","live","2","4","nondecreasing",1000,699,0,178,123,0.178,0.154280187219815,0.201719812780185,1,1,true,true,false
"effectiveHitPerLaunch","missileTechnologyLevel","sensor-only",2,2,"stationary","occluded","2","4","nondecreasing",1000,699,0,178,123,0.178,0.154280187219815,0.201719812780185,1,1,true,true,false
"effectiveHitPerLaunch","missileTechnologyLevel","sensor-only",2,2,"straight-retreat","live","2","4","nondecreasing",1000,699,0,301,0,0.301,0.272556228404837,0.329443771595163,1,1,true,true,false
"effectiveHitPerLaunch","missileTechnologyLevel","sensor-only",2,2,"straight-retreat","occluded","2","4","nondecreasing",1000,699,0,301,0,0.301,0.272556228404837,0.329443771595163,1,1,true,true,false
"effectiveHitPerLaunch","missileTechnologyLevel","sensor-only",2,2,"turnback","live","2","4","nondecreasing",1000,699,0,178,123,0.178,0.154280187219815,0.201719812780185,1,1,true,true,false
"effectiveHitPerLaunch","missileTechnologyLevel","sensor-only",2,2,"turnback","occluded","2","4","nondecreasing",1000,699,0,178,123,0.178,0.154280187219815,0.201719812780185,1,1,true,true,false
"effectiveHitPerLaunch","missileTechnologyLevel","sensor-only",2,4,"crossing-weave","live","2","4","nondecreasing",1000,699,0,301,0,0.301,0.272556228404837,0.329443771595163,1,1,true,true,false
"effectiveHitPerLaunch","missileTechnologyLevel","sensor-only",2,4,"crossing-weave","occluded","2","4","nondecreasing",1000,699,0,301,0,0.301,0.272556228404837,0.329443771595163,1,1,true,true,false
"effectiveHitPerLaunch","missileTechnologyLevel","sensor-only",2,4,"stationary","live","2","4","nondecreasing",1000,699,0,178,123,0.178,0.154280187219815,0.201719812780185,1,1,true,true,false
"effectiveHitPerLaunch","missileTechnologyLevel","sensor-only",2,4,"stationary","occluded","2","4","nondecreasing",1000,699,0,178,123,0.178,0.154280187219815,0.201719812780185,1,1,true,true,false
"effectiveHitPerLaunch","missileTechnologyLevel","sensor-only",2,4,"straight-retreat","live","2","4","nondecreasing",1000,1000,0,0,0,0,0,0,1,1,true,true,false
"effectiveHitPerLaunch","missileTechnologyLevel","sensor-only",2,4,"straight-retreat","occluded","2","4","nondecreasing",1000,1000,0,0,0,0,0,0,1,1,true,true,false
"effectiveHitPerLaunch","missileTechnologyLevel","sensor-only",2,4,"turnback","live","2","4","nondecreasing",1000,699,0,178,123,0.178,0.154280187219815,0.201719812780185,1,1,true,true,false
"effectiveHitPerLaunch","missileTechnologyLevel","sensor-only",2,4,"turnback","occluded","2","4","nondecreasing",1000,699,0,178,123,0.178,0.154280187219815,0.201719812780185,1,1,true,true,false
"effectiveHitPerLaunch","missileTechnologyLevel","sensor-only",2,6,"crossing-weave","live","2","4","nondecreasing",1000,1000,0,0,0,0,0,0,1,1,true,true,false
"effectiveHitPerLaunch","missileTechnologyLevel","sensor-only",2,6,"crossing-weave","occluded","2","4","nondecreasing",1000,1000,0,0,0,0,0,0,1,1,true,true,false
"effectiveHitPerLaunch","missileTechnologyLevel","sensor-only",2,6,"stationary","live","2","4","nondecreasing",1000,699,0,178,123,0.178,0.154280187219815,0.201719812780185,1,1,true,true,false
"effectiveHitPerLaunch","missileTechnologyLevel","sensor-only",2,6,"stationary","occluded","2","4","nondecreasing",1000,699,0,178,123,0.178,0.154280187219815,0.201719812780185,1,1,true,true,false
"effectiveHitPerLaunch","missileTechnologyLevel","sensor-only",2,6,"straight-retreat","live","2","4","nondecreasing",1000,1000,0,0,0,0,0,0,1,1,true,true,false
"effectiveHitPerLaunch","missileTechnologyLevel","sensor-only",2,6,"straight-retreat","occluded","2","4","nondecreasing",1000,1000,0,0,0,0,0,0,1,1,true,true,false
"effectiveHitPerLaunch","missileTechnologyLevel","sensor-only",2,6,"turnback","live","2","4","nondecreasing",1000,699,0,178,123,0.178,0.154280187219815,0.201719812780185,1,1,true,true,false
"effectiveHitPerLaunch","missileTechnologyLevel","sensor-only",2,6,"turnback","occluded","2","4","nondecreasing",1000,699,0,178,123,0.178,0.154280187219815,0.201719812780185,1,1,true,true,false
"effectiveHitPerLaunch","missileTechnologyLevel","sensor-only",4,2,"crossing-weave","live","4","6","nondecreasing",1000,421,0,278,301,0.278,0.250218458237219,0.305781541762781,1,1,true,true,false
"effectiveHitPerLaunch","missileTechnologyLevel","sensor-only",4,2,"crossing-weave","occluded","4","6","nondecreasing",1000,421,0,278,301,0.278,0.250218458237219,0.305781541762781,1,1,true,true,false
"effectiveHitPerLaunch","missileTechnologyLevel","sensor-only",4,2,"stationary","live","4","6","nondecreasing",1000,421,0,278,301,0.278,0.250218458237219,0.305781541762781,1,1,true,true,false
"effectiveHitPerLaunch","missileTechnologyLevel","sensor-only",4,2,"stationary","occluded","4","6","nondecreasing",1000,421,0,278,301,0.278,0.250218458237219,0.305781541762781,1,1,true,true,false
"effectiveHitPerLaunch","missileTechnologyLevel","sensor-only",4,2,"straight-retreat","live","4","6","nondecreasing",1000,421,0,278,301,0.278,0.250218458237219,0.305781541762781,1,1,true,true,false
"effectiveHitPerLaunch","missileTechnologyLevel","sensor-only",4,2,"straight-retreat","occluded","4","6","nondecreasing",1000,421,0,278,301,0.278,0.250218458237219,0.305781541762781,1,1,true,true,false
"effectiveHitPerLaunch","missileTechnologyLevel","sensor-only",4,2,"turnback","live","4","6","nondecreasing",1000,421,0,278,301,0.278,0.250218458237219,0.305781541762781,1,1,true,true,false
"effectiveHitPerLaunch","missileTechnologyLevel","sensor-only",4,2,"turnback","occluded","4","6","nondecreasing",1000,421,0,278,301,0.278,0.250218458237219,0.305781541762781,1,1,true,true,false
"effectiveHitPerLaunch","missileTechnologyLevel","sensor-only",4,4,"crossing-weave","live","4","6","nondecreasing",1000,421,0,278,301,0.278,0.250218458237219,0.305781541762781,1,1,true,true,false
"effectiveHitPerLaunch","missileTechnologyLevel","sensor-only",4,4,"crossing-weave","occluded","4","6","nondecreasing",1000,421,0,278,301,0.278,0.250218458237219,0.305781541762781,1,1,true,true,false
"effectiveHitPerLaunch","missileTechnologyLevel","sensor-only",4,4,"stationary","live","4","6","nondecreasing",1000,421,0,278,301,0.278,0.250218458237219,0.305781541762781,1,1,true,true,false
"effectiveHitPerLaunch","missileTechnologyLevel","sensor-only",4,4,"stationary","occluded","4","6","nondecreasing",1000,421,0,278,301,0.278,0.250218458237219,0.305781541762781,1,1,true,true,false
"effectiveHitPerLaunch","missileTechnologyLevel","sensor-only",4,4,"straight-retreat","live","4","6","nondecreasing",1000,421,0,579,0,0.579,0.54838419545134,0.60961580454866,1,1,true,true,false
"effectiveHitPerLaunch","missileTechnologyLevel","sensor-only",4,4,"straight-retreat","occluded","4","6","nondecreasing",1000,421,0,579,0,0.579,0.54838419545134,0.60961580454866,1,1,true,true,false
"effectiveHitPerLaunch","missileTechnologyLevel","sensor-only",4,4,"turnback","live","4","6","nondecreasing",1000,421,0,278,301,0.278,0.250218458237219,0.305781541762781,1,1,true,true,false
"effectiveHitPerLaunch","missileTechnologyLevel","sensor-only",4,4,"turnback","occluded","4","6","nondecreasing",1000,421,0,278,301,0.278,0.250218458237219,0.305781541762781,1,1,true,true,false
"effectiveHitPerLaunch","missileTechnologyLevel","sensor-only",4,6,"crossing-weave","live","4","6","nondecreasing",1000,421,0,579,0,0.579,0.54838419545134,0.60961580454866,1,1,true,true,false
"effectiveHitPerLaunch","missileTechnologyLevel","sensor-only",4,6,"crossing-weave","occluded","4","6","nondecreasing",1000,421,0,579,0,0.579,0.54838419545134,0.60961580454866,1,1,true,true,false
"effectiveHitPerLaunch","missileTechnologyLevel","sensor-only",4,6,"stationary","live","4","6","nondecreasing",1000,421,0,278,301,0.278,0.250218458237219,0.305781541762781,1,1,true,true,false
"effectiveHitPerLaunch","missileTechnologyLevel","sensor-only",4,6,"stationary","occluded","4","6","nondecreasing",1000,421,0,278,301,0.278,0.250218458237219,0.305781541762781,1,1,true,true,false
"effectiveHitPerLaunch","missileTechnologyLevel","sensor-only",4,6,"straight-retreat","live","4","6","nondecreasing",1000,1000,0,0,0,0,0,0,1,1,true,true,false
"effectiveHitPerLaunch","missileTechnologyLevel","sensor-only",4,6,"straight-retreat","occluded","4","6","nondecreasing",1000,1000,0,0,0,0,0,0,1,1,true,true,false
"effectiveHitPerLaunch","missileTechnologyLevel","sensor-only",4,6,"turnback","live","4","6","nondecreasing",1000,421,0,278,301,0.278,0.250218458237219,0.305781541762781,1,1,true,true,false
"effectiveHitPerLaunch","missileTechnologyLevel","sensor-only",4,6,"turnback","occluded","4","6","nondecreasing",1000,421,0,278,301,0.278,0.250218458237219,0.305781541762781,1,1,true,true,false
"effectiveHitPerLaunch","missileTechnologyLevel","sensor-plus-seeker",2,2,"crossing-weave","live","2","4","nondecreasing",1000,630,0,370,0,0.37,0.34006105560486,0.39993894439514,1,1,true,true,false
"effectiveHitPerLaunch","missileTechnologyLevel","sensor-plus-seeker",2,2,"crossing-weave","occluded","2","4","nondecreasing",1000,630,0,370,0,0.37,0.34006105560486,0.39993894439514,1,1,true,true,false
"effectiveHitPerLaunch","missileTechnologyLevel","sensor-plus-seeker",2,2,"stationary","live","2","4","nondecreasing",1000,630,0,228,142,0.228,0.2019839462863,0.2540160537137,1,1,true,true,false
"effectiveHitPerLaunch","missileTechnologyLevel","sensor-plus-seeker",2,2,"stationary","occluded","2","4","nondecreasing",1000,630,0,228,142,0.228,0.2019839462863,0.2540160537137,1,1,true,true,false
"effectiveHitPerLaunch","missileTechnologyLevel","sensor-plus-seeker",2,2,"straight-retreat","live","2","4","nondecreasing",1000,630,0,370,0,0.37,0.34006105560486,0.39993894439514,1,1,true,true,false
"effectiveHitPerLaunch","missileTechnologyLevel","sensor-plus-seeker",2,2,"straight-retreat","occluded","2","4","nondecreasing",1000,630,0,370,0,0.37,0.34006105560486,0.39993894439514,1,1,true,true,false
"effectiveHitPerLaunch","missileTechnologyLevel","sensor-plus-seeker",2,2,"turnback","live","2","4","nondecreasing",1000,630,0,228,142,0.228,0.2019839462863,0.2540160537137,1,1,true,true,false
"effectiveHitPerLaunch","missileTechnologyLevel","sensor-plus-seeker",2,2,"turnback","occluded","2","4","nondecreasing",1000,630,0,228,142,0.228,0.2019839462863,0.2540160537137,1,1,true,true,false
"effectiveHitPerLaunch","missileTechnologyLevel","sensor-plus-seeker",2,4,"crossing-weave","live","2","4","nondecreasing",1000,630,0,370,0,0.37,0.34006105560486,0.39993894439514,1,1,true,true,false
"effectiveHitPerLaunch","missileTechnologyLevel","sensor-plus-seeker",2,4,"crossing-weave","occluded","2","4","nondecreasing",1000,630,0,370,0,0.37,0.34006105560486,0.39993894439514,1,1,true,true,false
"effectiveHitPerLaunch","missileTechnologyLevel","sensor-plus-seeker",2,4,"stationary","live","2","4","nondecreasing",1000,630,0,228,142,0.228,0.2019839462863,0.2540160537137,1,1,true,true,false
"effectiveHitPerLaunch","missileTechnologyLevel","sensor-plus-seeker",2,4,"stationary","occluded","2","4","nondecreasing",1000,630,0,228,142,0.228,0.2019839462863,0.2540160537137,1,1,true,true,false
"effectiveHitPerLaunch","missileTechnologyLevel","sensor-plus-seeker",2,4,"straight-retreat","live","2","4","nondecreasing",1000,1000,0,0,0,0,0,0,1,1,true,true,false
"effectiveHitPerLaunch","missileTechnologyLevel","sensor-plus-seeker",2,4,"straight-retreat","occluded","2","4","nondecreasing",1000,1000,0,0,0,0,0,0,1,1,true,true,false
"effectiveHitPerLaunch","missileTechnologyLevel","sensor-plus-seeker",2,4,"turnback","live","2","4","nondecreasing",1000,630,0,228,142,0.228,0.2019839462863,0.2540160537137,1,1,true,true,false
"effectiveHitPerLaunch","missileTechnologyLevel","sensor-plus-seeker",2,4,"turnback","occluded","2","4","nondecreasing",1000,630,0,228,142,0.228,0.2019839462863,0.2540160537137,1,1,true,true,false
"effectiveHitPerLaunch","missileTechnologyLevel","sensor-plus-seeker",2,6,"crossing-weave","live","2","4","nondecreasing",1000,1000,0,0,0,0,0,0,1,1,true,true,false
"effectiveHitPerLaunch","missileTechnologyLevel","sensor-plus-seeker",2,6,"crossing-weave","occluded","2","4","nondecreasing",1000,1000,0,0,0,0,0,0,1,1,true,true,false
"effectiveHitPerLaunch","missileTechnologyLevel","sensor-plus-seeker",2,6,"stationary","live","2","4","nondecreasing",1000,630,0,228,142,0.228,0.2019839462863,0.2540160537137,1,1,true,true,false
"effectiveHitPerLaunch","missileTechnologyLevel","sensor-plus-seeker",2,6,"stationary","occluded","2","4","nondecreasing",1000,630,0,228,142,0.228,0.2019839462863,0.2540160537137,1,1,true,true,false
"effectiveHitPerLaunch","missileTechnologyLevel","sensor-plus-seeker",2,6,"straight-retreat","live","2","4","nondecreasing",1000,1000,0,0,0,0,0,0,1,1,true,true,false
"effectiveHitPerLaunch","missileTechnologyLevel","sensor-plus-seeker",2,6,"straight-retreat","occluded","2","4","nondecreasing",1000,1000,0,0,0,0,0,0,1,1,true,true,false
"effectiveHitPerLaunch","missileTechnologyLevel","sensor-plus-seeker",2,6,"turnback","live","2","4","nondecreasing",1000,630,0,228,142,0.228,0.2019839462863,0.2540160537137,1,1,true,true,false
"effectiveHitPerLaunch","missileTechnologyLevel","sensor-plus-seeker",2,6,"turnback","occluded","2","4","nondecreasing",1000,630,0,228,142,0.228,0.2019839462863,0.2540160537137,1,1,true,true,false
"effectiveHitPerLaunch","missileTechnologyLevel","sensor-plus-seeker",4,2,"crossing-weave","live","4","6","nondecreasing",1000,328,0,302,370,0.302,0.27352940590196,0.33047059409804,1,1,true,true,false
"effectiveHitPerLaunch","missileTechnologyLevel","sensor-plus-seeker",4,2,"crossing-weave","occluded","4","6","nondecreasing",1000,328,0,302,370,0.302,0.27352940590196,0.33047059409804,1,1,true,true,false
"effectiveHitPerLaunch","missileTechnologyLevel","sensor-plus-seeker",4,2,"stationary","live","4","6","nondecreasing",1000,328,0,302,370,0.302,0.27352940590196,0.33047059409804,1,1,true,true,false
"effectiveHitPerLaunch","missileTechnologyLevel","sensor-plus-seeker",4,2,"stationary","occluded","4","6","nondecreasing",1000,328,0,302,370,0.302,0.27352940590196,0.33047059409804,1,1,true,true,false
"effectiveHitPerLaunch","missileTechnologyLevel","sensor-plus-seeker",4,2,"straight-retreat","live","4","6","nondecreasing",1000,328,0,302,370,0.302,0.27352940590196,0.33047059409804,1,1,true,true,false
"effectiveHitPerLaunch","missileTechnologyLevel","sensor-plus-seeker",4,2,"straight-retreat","occluded","4","6","nondecreasing",1000,328,0,302,370,0.302,0.27352940590196,0.33047059409804,1,1,true,true,false
"effectiveHitPerLaunch","missileTechnologyLevel","sensor-plus-seeker",4,2,"turnback","live","4","6","nondecreasing",1000,328,0,302,370,0.302,0.27352940590196,0.33047059409804,1,1,true,true,false
"effectiveHitPerLaunch","missileTechnologyLevel","sensor-plus-seeker",4,2,"turnback","occluded","4","6","nondecreasing",1000,328,0,302,370,0.302,0.27352940590196,0.33047059409804,1,1,true,true,false
"effectiveHitPerLaunch","missileTechnologyLevel","sensor-plus-seeker",4,4,"crossing-weave","live","4","6","nondecreasing",1000,328,0,302,370,0.302,0.27352940590196,0.33047059409804,1,1,true,true,false
"effectiveHitPerLaunch","missileTechnologyLevel","sensor-plus-seeker",4,4,"crossing-weave","occluded","4","6","nondecreasing",1000,328,0,302,370,0.302,0.27352940590196,0.33047059409804,1,1,true,true,false
"effectiveHitPerLaunch","missileTechnologyLevel","sensor-plus-seeker",4,4,"stationary","live","4","6","nondecreasing",1000,328,0,302,370,0.302,0.27352940590196,0.33047059409804,1,1,true,true,false
"effectiveHitPerLaunch","missileTechnologyLevel","sensor-plus-seeker",4,4,"stationary","occluded","4","6","nondecreasing",1000,328,0,302,370,0.302,0.27352940590196,0.33047059409804,1,1,true,true,false
"effectiveHitPerLaunch","missileTechnologyLevel","sensor-plus-seeker",4,4,"straight-retreat","live","4","6","nondecreasing",1000,328,0,672,0,0.672,0.642887003692919,0.701112996307081,1,1,true,true,false
"effectiveHitPerLaunch","missileTechnologyLevel","sensor-plus-seeker",4,4,"straight-retreat","occluded","4","6","nondecreasing",1000,328,0,672,0,0.672,0.642887003692919,0.701112996307081,1,1,true,true,false
"effectiveHitPerLaunch","missileTechnologyLevel","sensor-plus-seeker",4,4,"turnback","live","4","6","nondecreasing",1000,328,0,302,370,0.302,0.27352940590196,0.33047059409804,1,1,true,true,false
"effectiveHitPerLaunch","missileTechnologyLevel","sensor-plus-seeker",4,4,"turnback","occluded","4","6","nondecreasing",1000,328,0,302,370,0.302,0.27352940590196,0.33047059409804,1,1,true,true,false
"effectiveHitPerLaunch","missileTechnologyLevel","sensor-plus-seeker",4,6,"crossing-weave","live","4","6","nondecreasing",1000,328,0,672,0,0.672,0.642887003692919,0.701112996307081,1,1,true,true,false
"effectiveHitPerLaunch","missileTechnologyLevel","sensor-plus-seeker",4,6,"crossing-weave","occluded","4","6","nondecreasing",1000,328,0,672,0,0.672,0.642887003692919,0.701112996307081,1,1,true,true,false
"effectiveHitPerLaunch","missileTechnologyLevel","sensor-plus-seeker",4,6,"stationary","live","4","6","nondecreasing",1000,328,0,302,370,0.302,0.27352940590196,0.33047059409804,1,1,true,true,false
"effectiveHitPerLaunch","missileTechnologyLevel","sensor-plus-seeker",4,6,"stationary","occluded","4","6","nondecreasing",1000,328,0,302,370,0.302,0.27352940590196,0.33047059409804,1,1,true,true,false
"effectiveHitPerLaunch","missileTechnologyLevel","sensor-plus-seeker",4,6,"straight-retreat","live","4","6","nondecreasing",1000,1000,0,0,0,0,0,0,1,1,true,true,false
"effectiveHitPerLaunch","missileTechnologyLevel","sensor-plus-seeker",4,6,"straight-retreat","occluded","4","6","nondecreasing",1000,1000,0,0,0,0,0,0,1,1,true,true,false
"effectiveHitPerLaunch","missileTechnologyLevel","sensor-plus-seeker",4,6,"turnback","live","4","6","nondecreasing",1000,328,0,302,370,0.302,0.27352940590196,0.33047059409804,1,1,true,true,false
"effectiveHitPerLaunch","missileTechnologyLevel","sensor-plus-seeker",4,6,"turnback","occluded","4","6","nondecreasing",1000,328,0,302,370,0.302,0.27352940590196,0.33047059409804,1,1,true,true,false
"effectiveHitPerLaunch","targetPropulsionTechnologyLevel","command-guided",2,2,"stationary","live","2","4","flat",1000,877,0,0,123,0,0,0,1,1,true,true,false
"effectiveHitPerLaunch","targetPropulsionTechnologyLevel","command-guided",2,2,"stationary","occluded","2","4","flat",1000,1000,0,0,0,0,0,0,1,1,true,true,false
"effectiveHitPerLaunch","targetPropulsionTechnologyLevel","command-guided",2,2,"straight-retreat","live","2","4","nonincreasing",1000,1000,0,0,0,0,0,0,1,1,true,true,false
"effectiveHitPerLaunch","targetPropulsionTechnologyLevel","command-guided",2,2,"straight-retreat","occluded","2","4","nonincreasing",1000,1000,0,0,0,0,0,0,1,1,true,true,false
"effectiveHitPerLaunch","targetPropulsionTechnologyLevel","command-guided",2,4,"stationary","live","4","6","flat",1000,877,0,0,123,0,0,0,1,1,true,true,false
"effectiveHitPerLaunch","targetPropulsionTechnologyLevel","command-guided",2,4,"stationary","occluded","4","6","flat",1000,1000,0,0,0,0,0,0,1,1,true,true,false
"effectiveHitPerLaunch","targetPropulsionTechnologyLevel","command-guided",2,4,"straight-retreat","live","4","6","nonincreasing",1000,1000,0,0,0,0,0,0,1,1,true,true,false
"effectiveHitPerLaunch","targetPropulsionTechnologyLevel","command-guided",2,4,"straight-retreat","occluded","4","6","nonincreasing",1000,1000,0,0,0,0,0,0,1,1,true,true,false
"effectiveHitPerLaunch","targetPropulsionTechnologyLevel","command-guided",4,2,"stationary","live","2","4","flat",1000,699,0,0,301,0,0,0,1,1,true,true,false
"effectiveHitPerLaunch","targetPropulsionTechnologyLevel","command-guided",4,2,"stationary","occluded","2","4","flat",1000,1000,0,0,0,0,0,0,1,1,true,true,false
"effectiveHitPerLaunch","targetPropulsionTechnologyLevel","command-guided",4,2,"straight-retreat","live","2","4","nonincreasing",1000,699,301,0,0,-0.301,-0.329443771595163,-0.272556228404837,1,1,true,true,false
"effectiveHitPerLaunch","targetPropulsionTechnologyLevel","command-guided",4,2,"straight-retreat","occluded","2","4","nonincreasing",1000,1000,0,0,0,0,0,0,1,1,true,true,false
"effectiveHitPerLaunch","targetPropulsionTechnologyLevel","command-guided",4,4,"stationary","live","4","6","flat",1000,699,0,0,301,0,0,0,1,1,true,true,false
"effectiveHitPerLaunch","targetPropulsionTechnologyLevel","command-guided",4,4,"stationary","occluded","4","6","flat",1000,1000,0,0,0,0,0,0,1,1,true,true,false
"effectiveHitPerLaunch","targetPropulsionTechnologyLevel","command-guided",4,4,"straight-retreat","live","4","6","nonincreasing",1000,1000,0,0,0,0,0,0,1,1,true,true,false
"effectiveHitPerLaunch","targetPropulsionTechnologyLevel","command-guided",4,4,"straight-retreat","occluded","4","6","nonincreasing",1000,1000,0,0,0,0,0,0,1,1,true,true,false
"effectiveHitPerLaunch","targetPropulsionTechnologyLevel","command-guided",6,2,"stationary","live","2","4","flat",1000,421,0,0,579,0,0,0,1,1,true,true,false
"effectiveHitPerLaunch","targetPropulsionTechnologyLevel","command-guided",6,2,"stationary","occluded","2","4","flat",1000,1000,0,0,0,0,0,0,1,1,true,true,false
"effectiveHitPerLaunch","targetPropulsionTechnologyLevel","command-guided",6,2,"straight-retreat","live","2","4","nonincreasing",1000,421,0,0,579,0,0,0,1,1,true,true,false
"effectiveHitPerLaunch","targetPropulsionTechnologyLevel","command-guided",6,2,"straight-retreat","occluded","2","4","nonincreasing",1000,1000,0,0,0,0,0,0,1,1,true,true,false
"effectiveHitPerLaunch","targetPropulsionTechnologyLevel","command-guided",6,4,"stationary","live","4","6","flat",1000,421,0,0,579,0,0,0,1,1,true,true,false
"effectiveHitPerLaunch","targetPropulsionTechnologyLevel","command-guided",6,4,"stationary","occluded","4","6","flat",1000,1000,0,0,0,0,0,0,1,1,true,true,false
"effectiveHitPerLaunch","targetPropulsionTechnologyLevel","command-guided",6,4,"straight-retreat","live","4","6","nonincreasing",1000,421,579,0,0,-0.579,-0.60961580454866,-0.54838419545134,1,1,true,true,false
"effectiveHitPerLaunch","targetPropulsionTechnologyLevel","command-guided",6,4,"straight-retreat","occluded","4","6","nonincreasing",1000,1000,0,0,0,0,0,0,1,1,true,true,false
"effectiveHitPerLaunch","targetPropulsionTechnologyLevel","seeker-only",2,2,"stationary","live","2","4","flat",1000,916,0,0,84,0,0,0,1,1,true,true,false
"effectiveHitPerLaunch","targetPropulsionTechnologyLevel","seeker-only",2,2,"stationary","occluded","2","4","flat",1000,1000,0,0,0,0,0,0,1,1,true,true,false
"effectiveHitPerLaunch","targetPropulsionTechnologyLevel","seeker-only",2,2,"straight-retreat","live","2","4","nonincreasing",1000,1000,0,0,0,0,0,0,1,1,true,true,false
"effectiveHitPerLaunch","targetPropulsionTechnologyLevel","seeker-only",2,2,"straight-retreat","occluded","2","4","nonincreasing",1000,1000,0,0,0,0,0,0,1,1,true,true,false
"effectiveHitPerLaunch","targetPropulsionTechnologyLevel","seeker-only",2,4,"stationary","live","4","6","flat",1000,916,0,0,84,0,0,0,1,1,true,true,false
"effectiveHitPerLaunch","targetPropulsionTechnologyLevel","seeker-only",2,4,"stationary","occluded","4","6","flat",1000,1000,0,0,0,0,0,0,1,1,true,true,false
"effectiveHitPerLaunch","targetPropulsionTechnologyLevel","seeker-only",2,4,"straight-retreat","live","4","6","nonincreasing",1000,1000,0,0,0,0,0,0,1,1,true,true,false
"effectiveHitPerLaunch","targetPropulsionTechnologyLevel","seeker-only",2,4,"straight-retreat","occluded","4","6","nonincreasing",1000,1000,0,0,0,0,0,0,1,1,true,true,false
"effectiveHitPerLaunch","targetPropulsionTechnologyLevel","seeker-only",4,2,"stationary","live","2","4","flat",1000,633,0,0,367,0,0,0,1,1,true,true,false
"effectiveHitPerLaunch","targetPropulsionTechnologyLevel","seeker-only",4,2,"stationary","occluded","2","4","flat",1000,1000,0,0,0,0,0,0,1,1,true,true,false
"effectiveHitPerLaunch","targetPropulsionTechnologyLevel","seeker-only",4,2,"straight-retreat","live","2","4","nonincreasing",1000,684,316,0,0,-0.316,-0.344829488631519,-0.287170511368481,1,1,true,true,false
"effectiveHitPerLaunch","targetPropulsionTechnologyLevel","seeker-only",4,2,"straight-retreat","occluded","2","4","nonincreasing",1000,1000,0,0,0,0,0,0,1,1,true,true,false
"effectiveHitPerLaunch","targetPropulsionTechnologyLevel","seeker-only",4,4,"stationary","live","4","6","flat",1000,633,0,0,367,0,0,0,1,1,true,true,false
"effectiveHitPerLaunch","targetPropulsionTechnologyLevel","seeker-only",4,4,"stationary","occluded","4","6","flat",1000,1000,0,0,0,0,0,0,1,1,true,true,false
"effectiveHitPerLaunch","targetPropulsionTechnologyLevel","seeker-only",4,4,"straight-retreat","live","4","6","nonincreasing",1000,1000,0,0,0,0,0,0,1,1,true,true,false
"effectiveHitPerLaunch","targetPropulsionTechnologyLevel","seeker-only",4,4,"straight-retreat","occluded","4","6","nonincreasing",1000,1000,0,0,0,0,0,0,1,1,true,true,false
"effectiveHitPerLaunch","targetPropulsionTechnologyLevel","seeker-only",6,2,"stationary","live","2","4","flat",1000,324,0,0,676,0,0,0,1,1,true,true,false
"effectiveHitPerLaunch","targetPropulsionTechnologyLevel","seeker-only",6,2,"stationary","occluded","2","4","flat",1000,1000,0,0,0,0,0,0,1,1,true,true,false
"effectiveHitPerLaunch","targetPropulsionTechnologyLevel","seeker-only",6,2,"straight-retreat","live","2","4","nonincreasing",1000,350,6,0,644,-0.006,-0.0107888823122332,-0.00121111768776678,1,1,true,true,false
"effectiveHitPerLaunch","targetPropulsionTechnologyLevel","seeker-only",6,2,"straight-retreat","occluded","2","4","nonincreasing",1000,1000,0,0,0,0,0,0,1,1,true,true,false
"effectiveHitPerLaunch","targetPropulsionTechnologyLevel","seeker-only",6,4,"stationary","live","4","6","flat",1000,324,0,0,676,0,0,0,1,1,true,true,false
"effectiveHitPerLaunch","targetPropulsionTechnologyLevel","seeker-only",6,4,"stationary","occluded","4","6","flat",1000,1000,0,0,0,0,0,0,1,1,true,true,false
"effectiveHitPerLaunch","targetPropulsionTechnologyLevel","seeker-only",6,4,"straight-retreat","live","4","6","nonincreasing",1000,356,644,0,0,-0.644,-0.673691578012502,-0.614308421987498,1,1,true,true,false
"effectiveHitPerLaunch","targetPropulsionTechnologyLevel","seeker-only",6,4,"straight-retreat","occluded","4","6","nonincreasing",1000,1000,0,0,0,0,0,0,1,1,true,true,false
"effectiveHitPerLaunch","targetPropulsionTechnologyLevel","sensor-only",2,2,"stationary","live","2","4","flat",1000,877,0,0,123,0,0,0,1,1,true,true,false
"effectiveHitPerLaunch","targetPropulsionTechnologyLevel","sensor-only",2,2,"stationary","occluded","2","4","flat",1000,877,0,0,123,0,0,0,1,1,true,true,false
"effectiveHitPerLaunch","targetPropulsionTechnologyLevel","sensor-only",2,2,"straight-retreat","live","2","4","nonincreasing",1000,1000,0,0,0,0,0,0,1,1,true,true,false
"effectiveHitPerLaunch","targetPropulsionTechnologyLevel","sensor-only",2,2,"straight-retreat","occluded","2","4","nonincreasing",1000,1000,0,0,0,0,0,0,1,1,true,true,false
"effectiveHitPerLaunch","targetPropulsionTechnologyLevel","sensor-only",2,4,"stationary","live","4","6","flat",1000,877,0,0,123,0,0,0,1,1,true,true,false
"effectiveHitPerLaunch","targetPropulsionTechnologyLevel","sensor-only",2,4,"stationary","occluded","4","6","flat",1000,877,0,0,123,0,0,0,1,1,true,true,false
"effectiveHitPerLaunch","targetPropulsionTechnologyLevel","sensor-only",2,4,"straight-retreat","live","4","6","nonincreasing",1000,1000,0,0,0,0,0,0,1,1,true,true,false
"effectiveHitPerLaunch","targetPropulsionTechnologyLevel","sensor-only",2,4,"straight-retreat","occluded","4","6","nonincreasing",1000,1000,0,0,0,0,0,0,1,1,true,true,false
"effectiveHitPerLaunch","targetPropulsionTechnologyLevel","sensor-only",4,2,"stationary","live","2","4","flat",1000,699,0,0,301,0,0,0,1,1,true,true,false
"effectiveHitPerLaunch","targetPropulsionTechnologyLevel","sensor-only",4,2,"stationary","occluded","2","4","flat",1000,699,0,0,301,0,0,0,1,1,true,true,false
"effectiveHitPerLaunch","targetPropulsionTechnologyLevel","sensor-only",4,2,"straight-retreat","live","2","4","nonincreasing",1000,699,301,0,0,-0.301,-0.329443771595163,-0.272556228404837,1,1,true,true,false
"effectiveHitPerLaunch","targetPropulsionTechnologyLevel","sensor-only",4,2,"straight-retreat","occluded","2","4","nonincreasing",1000,699,301,0,0,-0.301,-0.329443771595163,-0.272556228404837,1,1,true,true,false
"effectiveHitPerLaunch","targetPropulsionTechnologyLevel","sensor-only",4,4,"stationary","live","4","6","flat",1000,699,0,0,301,0,0,0,1,1,true,true,false
"effectiveHitPerLaunch","targetPropulsionTechnologyLevel","sensor-only",4,4,"stationary","occluded","4","6","flat",1000,699,0,0,301,0,0,0,1,1,true,true,false
"effectiveHitPerLaunch","targetPropulsionTechnologyLevel","sensor-only",4,4,"straight-retreat","live","4","6","nonincreasing",1000,1000,0,0,0,0,0,0,1,1,true,true,false
"effectiveHitPerLaunch","targetPropulsionTechnologyLevel","sensor-only",4,4,"straight-retreat","occluded","4","6","nonincreasing",1000,1000,0,0,0,0,0,0,1,1,true,true,false
"effectiveHitPerLaunch","targetPropulsionTechnologyLevel","sensor-only",6,2,"stationary","live","2","4","flat",1000,421,0,0,579,0,0,0,1,1,true,true,false
"effectiveHitPerLaunch","targetPropulsionTechnologyLevel","sensor-only",6,2,"stationary","occluded","2","4","flat",1000,421,0,0,579,0,0,0,1,1,true,true,false
"effectiveHitPerLaunch","targetPropulsionTechnologyLevel","sensor-only",6,2,"straight-retreat","live","2","4","nonincreasing",1000,421,0,0,579,0,0,0,1,1,true,true,false
"effectiveHitPerLaunch","targetPropulsionTechnologyLevel","sensor-only",6,2,"straight-retreat","occluded","2","4","nonincreasing",1000,421,0,0,579,0,0,0,1,1,true,true,false
"effectiveHitPerLaunch","targetPropulsionTechnologyLevel","sensor-only",6,4,"stationary","live","4","6","flat",1000,421,0,0,579,0,0,0,1,1,true,true,false
"effectiveHitPerLaunch","targetPropulsionTechnologyLevel","sensor-only",6,4,"stationary","occluded","4","6","flat",1000,421,0,0,579,0,0,0,1,1,true,true,false
"effectiveHitPerLaunch","targetPropulsionTechnologyLevel","sensor-only",6,4,"straight-retreat","live","4","6","nonincreasing",1000,421,579,0,0,-0.579,-0.60961580454866,-0.54838419545134,1,1,true,true,false
"effectiveHitPerLaunch","targetPropulsionTechnologyLevel","sensor-only",6,4,"straight-retreat","occluded","4","6","nonincreasing",1000,421,579,0,0,-0.579,-0.60961580454866,-0.54838419545134,1,1,true,true,false
"effectiveHitPerLaunch","targetPropulsionTechnologyLevel","sensor-plus-seeker",2,2,"stationary","live","2","4","flat",1000,858,0,0,142,0,0,0,1,1,true,true,false
"effectiveHitPerLaunch","targetPropulsionTechnologyLevel","sensor-plus-seeker",2,2,"stationary","occluded","2","4","flat",1000,858,0,0,142,0,0,0,1,1,true,true,false
"effectiveHitPerLaunch","targetPropulsionTechnologyLevel","sensor-plus-seeker",2,2,"straight-retreat","live","2","4","nonincreasing",1000,1000,0,0,0,0,0,0,1,1,true,true,false
"effectiveHitPerLaunch","targetPropulsionTechnologyLevel","sensor-plus-seeker",2,2,"straight-retreat","occluded","2","4","nonincreasing",1000,1000,0,0,0,0,0,0,1,1,true,true,false
"effectiveHitPerLaunch","targetPropulsionTechnologyLevel","sensor-plus-seeker",2,4,"stationary","live","4","6","flat",1000,858,0,0,142,0,0,0,1,1,true,true,false
"effectiveHitPerLaunch","targetPropulsionTechnologyLevel","sensor-plus-seeker",2,4,"stationary","occluded","4","6","flat",1000,858,0,0,142,0,0,0,1,1,true,true,false
"effectiveHitPerLaunch","targetPropulsionTechnologyLevel","sensor-plus-seeker",2,4,"straight-retreat","live","4","6","nonincreasing",1000,1000,0,0,0,0,0,0,1,1,true,true,false
"effectiveHitPerLaunch","targetPropulsionTechnologyLevel","sensor-plus-seeker",2,4,"straight-retreat","occluded","4","6","nonincreasing",1000,1000,0,0,0,0,0,0,1,1,true,true,false
"effectiveHitPerLaunch","targetPropulsionTechnologyLevel","sensor-plus-seeker",4,2,"stationary","live","2","4","flat",1000,630,0,0,370,0,0,0,1,1,true,true,false
"effectiveHitPerLaunch","targetPropulsionTechnologyLevel","sensor-plus-seeker",4,2,"stationary","occluded","2","4","flat",1000,630,0,0,370,0,0,0,1,1,true,true,false
"effectiveHitPerLaunch","targetPropulsionTechnologyLevel","sensor-plus-seeker",4,2,"straight-retreat","live","2","4","nonincreasing",1000,630,370,0,0,-0.37,-0.39993894439514,-0.34006105560486,1,1,true,true,false
"effectiveHitPerLaunch","targetPropulsionTechnologyLevel","sensor-plus-seeker",4,2,"straight-retreat","occluded","2","4","nonincreasing",1000,630,370,0,0,-0.37,-0.39993894439514,-0.34006105560486,1,1,true,true,false
"effectiveHitPerLaunch","targetPropulsionTechnologyLevel","sensor-plus-seeker",4,4,"stationary","live","4","6","flat",1000,630,0,0,370,0,0,0,1,1,true,true,false
"effectiveHitPerLaunch","targetPropulsionTechnologyLevel","sensor-plus-seeker",4,4,"stationary","occluded","4","6","flat",1000,630,0,0,370,0,0,0,1,1,true,true,false
"effectiveHitPerLaunch","targetPropulsionTechnologyLevel","sensor-plus-seeker",4,4,"straight-retreat","live","4","6","nonincreasing",1000,1000,0,0,0,0,0,0,1,1,true,true,false
"effectiveHitPerLaunch","targetPropulsionTechnologyLevel","sensor-plus-seeker",4,4,"straight-retreat","occluded","4","6","nonincreasing",1000,1000,0,0,0,0,0,0,1,1,true,true,false
"effectiveHitPerLaunch","targetPropulsionTechnologyLevel","sensor-plus-seeker",6,2,"stationary","live","2","4","flat",1000,328,0,0,672,0,0,0,1,1,true,true,false
"effectiveHitPerLaunch","targetPropulsionTechnologyLevel","sensor-plus-seeker",6,2,"stationary","occluded","2","4","flat",1000,328,0,0,672,0,0,0,1,1,true,true,false
"effectiveHitPerLaunch","targetPropulsionTechnologyLevel","sensor-plus-seeker",6,2,"straight-retreat","live","2","4","nonincreasing",1000,328,0,0,672,0,0,0,1,1,true,true,false
"effectiveHitPerLaunch","targetPropulsionTechnologyLevel","sensor-plus-seeker",6,2,"straight-retreat","occluded","2","4","nonincreasing",1000,328,0,0,672,0,0,0,1,1,true,true,false
"effectiveHitPerLaunch","targetPropulsionTechnologyLevel","sensor-plus-seeker",6,4,"stationary","live","4","6","flat",1000,328,0,0,672,0,0,0,1,1,true,true,false
"effectiveHitPerLaunch","targetPropulsionTechnologyLevel","sensor-plus-seeker",6,4,"stationary","occluded","4","6","flat",1000,328,0,0,672,0,0,0,1,1,true,true,false
"effectiveHitPerLaunch","targetPropulsionTechnologyLevel","sensor-plus-seeker",6,4,"straight-retreat","live","4","6","nonincreasing",1000,328,672,0,0,-0.672,-0.701112996307081,-0.642887003692919,1,1,true,true,false
"effectiveHitPerLaunch","targetPropulsionTechnologyLevel","sensor-plus-seeker",6,4,"straight-retreat","occluded","4","6","nonincreasing",1000,328,672,0,0,-0.672,-0.701112996307081,-0.642887003692919,1,1,true,true,false
"terminalOpportunity","datalinkCondition","command-guided",2,2,"crossing-weave","occluded->live","occluded","live","descriptive",1000,1000,0,0,0,0,0,0,1,1,true,false,false
"terminalOpportunity","datalinkCondition","command-guided",2,2,"stationary","occluded->live","occluded","live","nondecreasing",1000,0,0,0,1000,0,0,0,1,1,true,true,false
"terminalOpportunity","datalinkCondition","command-guided",2,2,"straight-retreat","occluded->live","occluded","live","nondecreasing",1000,1000,0,0,0,0,0,0,1,1,true,true,false
"terminalOpportunity","datalinkCondition","command-guided",2,2,"turnback","occluded->live","occluded","live","descriptive",1000,0,0,0,1000,0,0,0,1,1,true,false,false
"terminalOpportunity","datalinkCondition","command-guided",2,4,"crossing-weave","occluded->live","occluded","live","descriptive",1000,1000,0,0,0,0,0,0,1,1,true,false,false
"terminalOpportunity","datalinkCondition","command-guided",2,4,"stationary","occluded->live","occluded","live","nondecreasing",1000,0,0,0,1000,0,0,0,1,1,true,true,false
"terminalOpportunity","datalinkCondition","command-guided",2,4,"straight-retreat","occluded->live","occluded","live","nondecreasing",1000,1000,0,0,0,0,0,0,1,1,true,true,false
"terminalOpportunity","datalinkCondition","command-guided",2,4,"turnback","occluded->live","occluded","live","descriptive",1000,0,0,0,1000,0,0,0,1,1,true,false,false
"terminalOpportunity","datalinkCondition","command-guided",2,6,"crossing-weave","occluded->live","occluded","live","descriptive",1000,1000,0,0,0,0,0,0,1,1,true,false,false
"terminalOpportunity","datalinkCondition","command-guided",2,6,"stationary","occluded->live","occluded","live","nondecreasing",1000,0,0,0,1000,0,0,0,1,1,true,true,false
"terminalOpportunity","datalinkCondition","command-guided",2,6,"straight-retreat","occluded->live","occluded","live","nondecreasing",1000,1000,0,0,0,0,0,0,1,1,true,true,false
"terminalOpportunity","datalinkCondition","command-guided",2,6,"turnback","occluded->live","occluded","live","descriptive",1000,0,0,0,1000,0,0,0,1,1,true,false,false
"terminalOpportunity","datalinkCondition","command-guided",4,2,"crossing-weave","occluded->live","occluded","live","descriptive",1000,0,0,0,1000,0,0,0,1,1,true,false,false
"terminalOpportunity","datalinkCondition","command-guided",4,2,"stationary","occluded->live","occluded","live","nondecreasing",1000,0,0,0,1000,0,0,0,1,1,true,true,false
"terminalOpportunity","datalinkCondition","command-guided",4,2,"straight-retreat","occluded->live","occluded","live","nondecreasing",1000,0,0,1000,0,1,1,1,1,1,true,true,false
"terminalOpportunity","datalinkCondition","command-guided",4,2,"turnback","occluded->live","occluded","live","descriptive",1000,0,0,0,1000,0,0,0,1,1,true,false,false
"terminalOpportunity","datalinkCondition","command-guided",4,4,"crossing-weave","occluded->live","occluded","live","descriptive",1000,0,0,0,1000,0,0,0,1,1,true,false,false
"terminalOpportunity","datalinkCondition","command-guided",4,4,"stationary","occluded->live","occluded","live","nondecreasing",1000,0,0,0,1000,0,0,0,1,1,true,true,false
"terminalOpportunity","datalinkCondition","command-guided",4,4,"straight-retreat","occluded->live","occluded","live","nondecreasing",1000,1000,0,0,0,0,0,0,1,1,true,true,false
"terminalOpportunity","datalinkCondition","command-guided",4,4,"turnback","occluded->live","occluded","live","descriptive",1000,0,0,0,1000,0,0,0,1,1,true,false,false
"terminalOpportunity","datalinkCondition","command-guided",4,6,"crossing-weave","occluded->live","occluded","live","descriptive",1000,0,1000,0,0,-1,-1,-1,1,1,true,false,false
"terminalOpportunity","datalinkCondition","command-guided",4,6,"stationary","occluded->live","occluded","live","nondecreasing",1000,0,0,0,1000,0,0,0,1,1,true,true,false
"terminalOpportunity","datalinkCondition","command-guided",4,6,"straight-retreat","occluded->live","occluded","live","nondecreasing",1000,1000,0,0,0,0,0,0,1,1,true,true,false
"terminalOpportunity","datalinkCondition","command-guided",4,6,"turnback","occluded->live","occluded","live","descriptive",1000,0,0,0,1000,0,0,0,1,1,true,false,false
"terminalOpportunity","datalinkCondition","command-guided",6,2,"crossing-weave","occluded->live","occluded","live","descriptive",1000,0,0,0,1000,0,0,0,1,1,true,false,false
"terminalOpportunity","datalinkCondition","command-guided",6,2,"stationary","occluded->live","occluded","live","nondecreasing",1000,0,0,0,1000,0,0,0,1,1,true,true,false
"terminalOpportunity","datalinkCondition","command-guided",6,2,"straight-retreat","occluded->live","occluded","live","nondecreasing",1000,0,0,1000,0,1,1,1,1,1,true,true,false
"terminalOpportunity","datalinkCondition","command-guided",6,2,"turnback","occluded->live","occluded","live","descriptive",1000,0,0,0,1000,0,0,0,1,1,true,false,false
"terminalOpportunity","datalinkCondition","command-guided",6,4,"crossing-weave","occluded->live","occluded","live","descriptive",1000,0,0,0,1000,0,0,0,1,1,true,false,false
"terminalOpportunity","datalinkCondition","command-guided",6,4,"stationary","occluded->live","occluded","live","nondecreasing",1000,0,0,0,1000,0,0,0,1,1,true,true,false
"terminalOpportunity","datalinkCondition","command-guided",6,4,"straight-retreat","occluded->live","occluded","live","nondecreasing",1000,0,0,1000,0,1,1,1,1,1,true,true,false
"terminalOpportunity","datalinkCondition","command-guided",6,4,"turnback","occluded->live","occluded","live","descriptive",1000,0,0,0,1000,0,0,0,1,1,true,false,false
"terminalOpportunity","datalinkCondition","command-guided",6,6,"crossing-weave","occluded->live","occluded","live","descriptive",1000,0,0,0,1000,0,0,0,1,1,true,false,false
"terminalOpportunity","datalinkCondition","command-guided",6,6,"stationary","occluded->live","occluded","live","nondecreasing",1000,0,0,0,1000,0,0,0,1,1,true,true,false
"terminalOpportunity","datalinkCondition","command-guided",6,6,"straight-retreat","occluded->live","occluded","live","nondecreasing",1000,1000,0,0,0,0,0,0,1,1,true,true,false
"terminalOpportunity","datalinkCondition","command-guided",6,6,"turnback","occluded->live","occluded","live","descriptive",1000,0,0,0,1000,0,0,0,1,1,true,false,false
"terminalOpportunity","datalinkCondition","seeker-only",2,2,"crossing-weave","occluded->live","occluded","live","descriptive",1000,1000,0,0,0,0,0,0,1,1,true,false,false
"terminalOpportunity","datalinkCondition","seeker-only",2,2,"stationary","occluded->live","occluded","live","nondecreasing",1000,0,0,0,1000,0,0,0,1,1,true,true,false
"terminalOpportunity","datalinkCondition","seeker-only",2,2,"straight-retreat","occluded->live","occluded","live","nondecreasing",1000,1000,0,0,0,0,0,0,1,1,true,true,false
"terminalOpportunity","datalinkCondition","seeker-only",2,2,"turnback","occluded->live","occluded","live","descriptive",1000,0,0,0,1000,0,0,0,1,1,true,false,false
"terminalOpportunity","datalinkCondition","seeker-only",2,4,"crossing-weave","occluded->live","occluded","live","descriptive",1000,1000,0,0,0,0,0,0,1,1,true,false,false
"terminalOpportunity","datalinkCondition","seeker-only",2,4,"stationary","occluded->live","occluded","live","nondecreasing",1000,0,0,0,1000,0,0,0,1,1,true,true,false
"terminalOpportunity","datalinkCondition","seeker-only",2,4,"straight-retreat","occluded->live","occluded","live","nondecreasing",1000,1000,0,0,0,0,0,0,1,1,true,true,false
"terminalOpportunity","datalinkCondition","seeker-only",2,4,"turnback","occluded->live","occluded","live","descriptive",1000,0,0,0,1000,0,0,0,1,1,true,false,false
"terminalOpportunity","datalinkCondition","seeker-only",2,6,"crossing-weave","occluded->live","occluded","live","descriptive",1000,1000,0,0,0,0,0,0,1,1,true,false,false
"terminalOpportunity","datalinkCondition","seeker-only",2,6,"stationary","occluded->live","occluded","live","nondecreasing",1000,0,0,0,1000,0,0,0,1,1,true,true,false
"terminalOpportunity","datalinkCondition","seeker-only",2,6,"straight-retreat","occluded->live","occluded","live","nondecreasing",1000,1000,0,0,0,0,0,0,1,1,true,true,false
"terminalOpportunity","datalinkCondition","seeker-only",2,6,"turnback","occluded->live","occluded","live","descriptive",1000,0,0,0,1000,0,0,0,1,1,true,false,false
"terminalOpportunity","datalinkCondition","seeker-only",4,2,"crossing-weave","occluded->live","occluded","live","descriptive",1000,0,0,0,1000,0,0,0,1,1,true,false,false
"terminalOpportunity","datalinkCondition","seeker-only",4,2,"stationary","occluded->live","occluded","live","nondecreasing",1000,0,0,0,1000,0,0,0,1,1,true,true,false
"terminalOpportunity","datalinkCondition","seeker-only",4,2,"straight-retreat","occluded->live","occluded","live","nondecreasing",1000,0,0,1000,0,1,1,1,1,1,true,true,false
"terminalOpportunity","datalinkCondition","seeker-only",4,2,"turnback","occluded->live","occluded","live","descriptive",1000,0,0,0,1000,0,0,0,1,1,true,false,false
"terminalOpportunity","datalinkCondition","seeker-only",4,4,"crossing-weave","occluded->live","occluded","live","descriptive",1000,0,0,0,1000,0,0,0,1,1,true,false,false
"terminalOpportunity","datalinkCondition","seeker-only",4,4,"stationary","occluded->live","occluded","live","nondecreasing",1000,0,0,0,1000,0,0,0,1,1,true,true,false
"terminalOpportunity","datalinkCondition","seeker-only",4,4,"straight-retreat","occluded->live","occluded","live","nondecreasing",1000,1000,0,0,0,0,0,0,1,1,true,true,false
"terminalOpportunity","datalinkCondition","seeker-only",4,4,"turnback","occluded->live","occluded","live","descriptive",1000,0,0,0,1000,0,0,0,1,1,true,false,false
"terminalOpportunity","datalinkCondition","seeker-only",4,6,"crossing-weave","occluded->live","occluded","live","descriptive",1000,0,1000,0,0,-1,-1,-1,1,1,true,false,false
"terminalOpportunity","datalinkCondition","seeker-only",4,6,"stationary","occluded->live","occluded","live","nondecreasing",1000,0,0,0,1000,0,0,0,1,1,true,true,false
"terminalOpportunity","datalinkCondition","seeker-only",4,6,"straight-retreat","occluded->live","occluded","live","nondecreasing",1000,1000,0,0,0,0,0,0,1,1,true,true,false
"terminalOpportunity","datalinkCondition","seeker-only",4,6,"turnback","occluded->live","occluded","live","descriptive",1000,0,0,0,1000,0,0,0,1,1,true,false,false
"terminalOpportunity","datalinkCondition","seeker-only",6,2,"crossing-weave","occluded->live","occluded","live","descriptive",1000,0,0,0,1000,0,0,0,1,1,true,false,false
"terminalOpportunity","datalinkCondition","seeker-only",6,2,"stationary","occluded->live","occluded","live","nondecreasing",1000,0,0,0,1000,0,0,0,1,1,true,true,false
"terminalOpportunity","datalinkCondition","seeker-only",6,2,"straight-retreat","occluded->live","occluded","live","nondecreasing",1000,0,0,1000,0,1,1,1,1,1,true,true,false
"terminalOpportunity","datalinkCondition","seeker-only",6,2,"turnback","occluded->live","occluded","live","descriptive",1000,0,0,0,1000,0,0,0,1,1,true,false,false
"terminalOpportunity","datalinkCondition","seeker-only",6,4,"crossing-weave","occluded->live","occluded","live","descriptive",1000,0,0,0,1000,0,0,0,1,1,true,false,false
"terminalOpportunity","datalinkCondition","seeker-only",6,4,"stationary","occluded->live","occluded","live","nondecreasing",1000,0,0,0,1000,0,0,0,1,1,true,true,false
"terminalOpportunity","datalinkCondition","seeker-only",6,4,"straight-retreat","occluded->live","occluded","live","nondecreasing",1000,0,0,1000,0,1,1,1,1,1,true,true,false
"terminalOpportunity","datalinkCondition","seeker-only",6,4,"turnback","occluded->live","occluded","live","descriptive",1000,0,0,0,1000,0,0,0,1,1,true,false,false
"terminalOpportunity","datalinkCondition","seeker-only",6,6,"crossing-weave","occluded->live","occluded","live","descriptive",1000,0,0,0,1000,0,0,0,1,1,true,false,false
"terminalOpportunity","datalinkCondition","seeker-only",6,6,"stationary","occluded->live","occluded","live","nondecreasing",1000,0,0,0,1000,0,0,0,1,1,true,true,false
"terminalOpportunity","datalinkCondition","seeker-only",6,6,"straight-retreat","occluded->live","occluded","live","nondecreasing",1000,1000,0,0,0,0,0,0,1,1,true,true,false
"terminalOpportunity","datalinkCondition","seeker-only",6,6,"turnback","occluded->live","occluded","live","descriptive",1000,0,0,0,1000,0,0,0,1,1,true,false,false
"terminalOpportunity","datalinkCondition","sensor-only",2,2,"crossing-weave","occluded->live","occluded","live","descriptive",1000,1000,0,0,0,0,0,0,1,1,true,false,false
"terminalOpportunity","datalinkCondition","sensor-only",2,2,"stationary","occluded->live","occluded","live","nondecreasing",1000,0,0,0,1000,0,0,0,1,1,true,true,false
"terminalOpportunity","datalinkCondition","sensor-only",2,2,"straight-retreat","occluded->live","occluded","live","nondecreasing",1000,1000,0,0,0,0,0,0,1,1,true,true,false
"terminalOpportunity","datalinkCondition","sensor-only",2,2,"turnback","occluded->live","occluded","live","descriptive",1000,0,0,0,1000,0,0,0,1,1,true,false,false
"terminalOpportunity","datalinkCondition","sensor-only",2,4,"crossing-weave","occluded->live","occluded","live","descriptive",1000,1000,0,0,0,0,0,0,1,1,true,false,false
"terminalOpportunity","datalinkCondition","sensor-only",2,4,"stationary","occluded->live","occluded","live","nondecreasing",1000,0,0,0,1000,0,0,0,1,1,true,true,false
"terminalOpportunity","datalinkCondition","sensor-only",2,4,"straight-retreat","occluded->live","occluded","live","nondecreasing",1000,1000,0,0,0,0,0,0,1,1,true,true,false
"terminalOpportunity","datalinkCondition","sensor-only",2,4,"turnback","occluded->live","occluded","live","descriptive",1000,0,0,0,1000,0,0,0,1,1,true,false,false
"terminalOpportunity","datalinkCondition","sensor-only",2,6,"crossing-weave","occluded->live","occluded","live","descriptive",1000,1000,0,0,0,0,0,0,1,1,true,false,false
"terminalOpportunity","datalinkCondition","sensor-only",2,6,"stationary","occluded->live","occluded","live","nondecreasing",1000,0,0,0,1000,0,0,0,1,1,true,true,false
"terminalOpportunity","datalinkCondition","sensor-only",2,6,"straight-retreat","occluded->live","occluded","live","nondecreasing",1000,1000,0,0,0,0,0,0,1,1,true,true,false
"terminalOpportunity","datalinkCondition","sensor-only",2,6,"turnback","occluded->live","occluded","live","descriptive",1000,0,0,0,1000,0,0,0,1,1,true,false,false
"terminalOpportunity","datalinkCondition","sensor-only",4,2,"crossing-weave","occluded->live","occluded","live","descriptive",1000,0,0,0,1000,0,0,0,1,1,true,false,false
"terminalOpportunity","datalinkCondition","sensor-only",4,2,"stationary","occluded->live","occluded","live","nondecreasing",1000,0,0,0,1000,0,0,0,1,1,true,true,false
"terminalOpportunity","datalinkCondition","sensor-only",4,2,"straight-retreat","occluded->live","occluded","live","nondecreasing",1000,0,0,0,1000,0,0,0,1,1,true,true,false
"terminalOpportunity","datalinkCondition","sensor-only",4,2,"turnback","occluded->live","occluded","live","descriptive",1000,0,0,0,1000,0,0,0,1,1,true,false,false
"terminalOpportunity","datalinkCondition","sensor-only",4,4,"crossing-weave","occluded->live","occluded","live","descriptive",1000,0,0,0,1000,0,0,0,1,1,true,false,false
"terminalOpportunity","datalinkCondition","sensor-only",4,4,"stationary","occluded->live","occluded","live","nondecreasing",1000,0,0,0,1000,0,0,0,1,1,true,true,false
"terminalOpportunity","datalinkCondition","sensor-only",4,4,"straight-retreat","occluded->live","occluded","live","nondecreasing",1000,1000,0,0,0,0,0,0,1,1,true,true,false
"terminalOpportunity","datalinkCondition","sensor-only",4,4,"turnback","occluded->live","occluded","live","descriptive",1000,0,0,0,1000,0,0,0,1,1,true,false,false
"terminalOpportunity","datalinkCondition","sensor-only",4,6,"crossing-weave","occluded->live","occluded","live","descriptive",1000,1000,0,0,0,0,0,0,1,1,true,false,false
"terminalOpportunity","datalinkCondition","sensor-only",4,6,"stationary","occluded->live","occluded","live","nondecreasing",1000,0,0,0,1000,0,0,0,1,1,true,true,false
"terminalOpportunity","datalinkCondition","sensor-only",4,6,"straight-retreat","occluded->live","occluded","live","nondecreasing",1000,1000,0,0,0,0,0,0,1,1,true,true,false
"terminalOpportunity","datalinkCondition","sensor-only",4,6,"turnback","occluded->live","occluded","live","descriptive",1000,0,0,0,1000,0,0,0,1,1,true,false,false
"terminalOpportunity","datalinkCondition","sensor-only",6,2,"crossing-weave","occluded->live","occluded","live","descriptive",1000,0,0,0,1000,0,0,0,1,1,true,false,false
"terminalOpportunity","datalinkCondition","sensor-only",6,2,"stationary","occluded->live","occluded","live","nondecreasing",1000,0,0,0,1000,0,0,0,1,1,true,true,false
"terminalOpportunity","datalinkCondition","sensor-only",6,2,"straight-retreat","occluded->live","occluded","live","nondecreasing",1000,0,0,0,1000,0,0,0,1,1,true,true,false
"terminalOpportunity","datalinkCondition","sensor-only",6,2,"turnback","occluded->live","occluded","live","descriptive",1000,0,0,0,1000,0,0,0,1,1,true,false,false
"terminalOpportunity","datalinkCondition","sensor-only",6,4,"crossing-weave","occluded->live","occluded","live","descriptive",1000,0,0,0,1000,0,0,0,1,1,true,false,false
"terminalOpportunity","datalinkCondition","sensor-only",6,4,"stationary","occluded->live","occluded","live","nondecreasing",1000,0,0,0,1000,0,0,0,1,1,true,true,false
"terminalOpportunity","datalinkCondition","sensor-only",6,4,"straight-retreat","occluded->live","occluded","live","nondecreasing",1000,0,0,0,1000,0,0,0,1,1,true,true,false
"terminalOpportunity","datalinkCondition","sensor-only",6,4,"turnback","occluded->live","occluded","live","descriptive",1000,0,0,0,1000,0,0,0,1,1,true,false,false
"terminalOpportunity","datalinkCondition","sensor-only",6,6,"crossing-weave","occluded->live","occluded","live","descriptive",1000,0,0,0,1000,0,0,0,1,1,true,false,false
"terminalOpportunity","datalinkCondition","sensor-only",6,6,"stationary","occluded->live","occluded","live","nondecreasing",1000,0,0,0,1000,0,0,0,1,1,true,true,false
"terminalOpportunity","datalinkCondition","sensor-only",6,6,"straight-retreat","occluded->live","occluded","live","nondecreasing",1000,1000,0,0,0,0,0,0,1,1,true,true,false
"terminalOpportunity","datalinkCondition","sensor-only",6,6,"turnback","occluded->live","occluded","live","descriptive",1000,0,0,0,1000,0,0,0,1,1,true,false,false
"terminalOpportunity","datalinkCondition","sensor-plus-seeker",2,2,"crossing-weave","occluded->live","occluded","live","descriptive",1000,1000,0,0,0,0,0,0,1,1,true,false,false
"terminalOpportunity","datalinkCondition","sensor-plus-seeker",2,2,"stationary","occluded->live","occluded","live","nondecreasing",1000,0,0,0,1000,0,0,0,1,1,true,true,false
"terminalOpportunity","datalinkCondition","sensor-plus-seeker",2,2,"straight-retreat","occluded->live","occluded","live","nondecreasing",1000,1000,0,0,0,0,0,0,1,1,true,true,false
"terminalOpportunity","datalinkCondition","sensor-plus-seeker",2,2,"turnback","occluded->live","occluded","live","descriptive",1000,0,0,0,1000,0,0,0,1,1,true,false,false
"terminalOpportunity","datalinkCondition","sensor-plus-seeker",2,4,"crossing-weave","occluded->live","occluded","live","descriptive",1000,1000,0,0,0,0,0,0,1,1,true,false,false
"terminalOpportunity","datalinkCondition","sensor-plus-seeker",2,4,"stationary","occluded->live","occluded","live","nondecreasing",1000,0,0,0,1000,0,0,0,1,1,true,true,false
"terminalOpportunity","datalinkCondition","sensor-plus-seeker",2,4,"straight-retreat","occluded->live","occluded","live","nondecreasing",1000,1000,0,0,0,0,0,0,1,1,true,true,false
"terminalOpportunity","datalinkCondition","sensor-plus-seeker",2,4,"turnback","occluded->live","occluded","live","descriptive",1000,0,0,0,1000,0,0,0,1,1,true,false,false
"terminalOpportunity","datalinkCondition","sensor-plus-seeker",2,6,"crossing-weave","occluded->live","occluded","live","descriptive",1000,1000,0,0,0,0,0,0,1,1,true,false,false
"terminalOpportunity","datalinkCondition","sensor-plus-seeker",2,6,"stationary","occluded->live","occluded","live","nondecreasing",1000,0,0,0,1000,0,0,0,1,1,true,true,false
"terminalOpportunity","datalinkCondition","sensor-plus-seeker",2,6,"straight-retreat","occluded->live","occluded","live","nondecreasing",1000,1000,0,0,0,0,0,0,1,1,true,true,false
"terminalOpportunity","datalinkCondition","sensor-plus-seeker",2,6,"turnback","occluded->live","occluded","live","descriptive",1000,0,0,0,1000,0,0,0,1,1,true,false,false
"terminalOpportunity","datalinkCondition","sensor-plus-seeker",4,2,"crossing-weave","occluded->live","occluded","live","descriptive",1000,0,0,0,1000,0,0,0,1,1,true,false,false
"terminalOpportunity","datalinkCondition","sensor-plus-seeker",4,2,"stationary","occluded->live","occluded","live","nondecreasing",1000,0,0,0,1000,0,0,0,1,1,true,true,false
"terminalOpportunity","datalinkCondition","sensor-plus-seeker",4,2,"straight-retreat","occluded->live","occluded","live","nondecreasing",1000,0,0,0,1000,0,0,0,1,1,true,true,false
"terminalOpportunity","datalinkCondition","sensor-plus-seeker",4,2,"turnback","occluded->live","occluded","live","descriptive",1000,0,0,0,1000,0,0,0,1,1,true,false,false
"terminalOpportunity","datalinkCondition","sensor-plus-seeker",4,4,"crossing-weave","occluded->live","occluded","live","descriptive",1000,0,0,0,1000,0,0,0,1,1,true,false,false
"terminalOpportunity","datalinkCondition","sensor-plus-seeker",4,4,"stationary","occluded->live","occluded","live","nondecreasing",1000,0,0,0,1000,0,0,0,1,1,true,true,false
"terminalOpportunity","datalinkCondition","sensor-plus-seeker",4,4,"straight-retreat","occluded->live","occluded","live","nondecreasing",1000,1000,0,0,0,0,0,0,1,1,true,true,false
"terminalOpportunity","datalinkCondition","sensor-plus-seeker",4,4,"turnback","occluded->live","occluded","live","descriptive",1000,0,0,0,1000,0,0,0,1,1,true,false,false
"terminalOpportunity","datalinkCondition","sensor-plus-seeker",4,6,"crossing-weave","occluded->live","occluded","live","descriptive",1000,1000,0,0,0,0,0,0,1,1,true,false,false
"terminalOpportunity","datalinkCondition","sensor-plus-seeker",4,6,"stationary","occluded->live","occluded","live","nondecreasing",1000,0,0,0,1000,0,0,0,1,1,true,true,false
"terminalOpportunity","datalinkCondition","sensor-plus-seeker",4,6,"straight-retreat","occluded->live","occluded","live","nondecreasing",1000,1000,0,0,0,0,0,0,1,1,true,true,false
"terminalOpportunity","datalinkCondition","sensor-plus-seeker",4,6,"turnback","occluded->live","occluded","live","descriptive",1000,0,0,0,1000,0,0,0,1,1,true,false,false
"terminalOpportunity","datalinkCondition","sensor-plus-seeker",6,2,"crossing-weave","occluded->live","occluded","live","descriptive",1000,0,0,0,1000,0,0,0,1,1,true,false,false
"terminalOpportunity","datalinkCondition","sensor-plus-seeker",6,2,"stationary","occluded->live","occluded","live","nondecreasing",1000,0,0,0,1000,0,0,0,1,1,true,true,false
"terminalOpportunity","datalinkCondition","sensor-plus-seeker",6,2,"straight-retreat","occluded->live","occluded","live","nondecreasing",1000,0,0,0,1000,0,0,0,1,1,true,true,false
"terminalOpportunity","datalinkCondition","sensor-plus-seeker",6,2,"turnback","occluded->live","occluded","live","descriptive",1000,0,0,0,1000,0,0,0,1,1,true,false,false
"terminalOpportunity","datalinkCondition","sensor-plus-seeker",6,4,"crossing-weave","occluded->live","occluded","live","descriptive",1000,0,0,0,1000,0,0,0,1,1,true,false,false
"terminalOpportunity","datalinkCondition","sensor-plus-seeker",6,4,"stationary","occluded->live","occluded","live","nondecreasing",1000,0,0,0,1000,0,0,0,1,1,true,true,false
"terminalOpportunity","datalinkCondition","sensor-plus-seeker",6,4,"straight-retreat","occluded->live","occluded","live","nondecreasing",1000,0,0,0,1000,0,0,0,1,1,true,true,false
"terminalOpportunity","datalinkCondition","sensor-plus-seeker",6,4,"turnback","occluded->live","occluded","live","descriptive",1000,0,0,0,1000,0,0,0,1,1,true,false,false
"terminalOpportunity","datalinkCondition","sensor-plus-seeker",6,6,"crossing-weave","occluded->live","occluded","live","descriptive",1000,0,0,0,1000,0,0,0,1,1,true,false,false
"terminalOpportunity","datalinkCondition","sensor-plus-seeker",6,6,"stationary","occluded->live","occluded","live","nondecreasing",1000,0,0,0,1000,0,0,0,1,1,true,true,false
"terminalOpportunity","datalinkCondition","sensor-plus-seeker",6,6,"straight-retreat","occluded->live","occluded","live","nondecreasing",1000,1000,0,0,0,0,0,0,1,1,true,true,false
"terminalOpportunity","datalinkCondition","sensor-plus-seeker",6,6,"turnback","occluded->live","occluded","live","descriptive",1000,0,0,0,1000,0,0,0,1,1,true,false,false
"terminalOpportunity","missileTechnologyLevel","command-guided",2,2,"crossing-weave","live","2","4","nondecreasing",1000,0,0,1000,0,1,1,1,1,1,true,true,false
"terminalOpportunity","missileTechnologyLevel","command-guided",2,2,"crossing-weave","occluded","2","4","nondecreasing",1000,0,0,1000,0,1,1,1,1,1,true,true,false
"terminalOpportunity","missileTechnologyLevel","command-guided",2,2,"stationary","live","2","4","nondecreasing",1000,0,0,0,1000,0,0,0,1,1,true,true,false
"terminalOpportunity","missileTechnologyLevel","command-guided",2,2,"stationary","occluded","2","4","nondecreasing",1000,0,0,0,1000,0,0,0,1,1,true,true,false
"terminalOpportunity","missileTechnologyLevel","command-guided",2,2,"straight-retreat","live","2","4","nondecreasing",1000,0,0,1000,0,1,1,1,1,1,true,true,false
"terminalOpportunity","missileTechnologyLevel","command-guided",2,2,"straight-retreat","occluded","2","4","nondecreasing",1000,1000,0,0,0,0,0,0,1,1,true,true,false
"terminalOpportunity","missileTechnologyLevel","command-guided",2,2,"turnback","live","2","4","nondecreasing",1000,0,0,0,1000,0,0,0,1,1,true,true,false
"terminalOpportunity","missileTechnologyLevel","command-guided",2,2,"turnback","occluded","2","4","nondecreasing",1000,0,0,0,1000,0,0,0,1,1,true,true,false
"terminalOpportunity","missileTechnologyLevel","command-guided",2,4,"crossing-weave","live","2","4","nondecreasing",1000,0,0,1000,0,1,1,1,1,1,true,true,false
"terminalOpportunity","missileTechnologyLevel","command-guided",2,4,"crossing-weave","occluded","2","4","nondecreasing",1000,0,0,1000,0,1,1,1,1,1,true,true,false
"terminalOpportunity","missileTechnologyLevel","command-guided",2,4,"stationary","live","2","4","nondecreasing",1000,0,0,0,1000,0,0,0,1,1,true,true,false
"terminalOpportunity","missileTechnologyLevel","command-guided",2,4,"stationary","occluded","2","4","nondecreasing",1000,0,0,0,1000,0,0,0,1,1,true,true,false
"terminalOpportunity","missileTechnologyLevel","command-guided",2,4,"straight-retreat","live","2","4","nondecreasing",1000,1000,0,0,0,0,0,0,1,1,true,true,false
"terminalOpportunity","missileTechnologyLevel","command-guided",2,4,"straight-retreat","occluded","2","4","nondecreasing",1000,1000,0,0,0,0,0,0,1,1,true,true,false
"terminalOpportunity","missileTechnologyLevel","command-guided",2,4,"turnback","live","2","4","nondecreasing",1000,0,0,0,1000,0,0,0,1,1,true,true,false
"terminalOpportunity","missileTechnologyLevel","command-guided",2,4,"turnback","occluded","2","4","nondecreasing",1000,0,0,0,1000,0,0,0,1,1,true,true,false
"terminalOpportunity","missileTechnologyLevel","command-guided",2,6,"crossing-weave","live","2","4","nondecreasing",1000,1000,0,0,0,0,0,0,1,1,true,true,false
"terminalOpportunity","missileTechnologyLevel","command-guided",2,6,"crossing-weave","occluded","2","4","nondecreasing",1000,0,0,1000,0,1,1,1,1,1,true,true,false
"terminalOpportunity","missileTechnologyLevel","command-guided",2,6,"stationary","live","2","4","nondecreasing",1000,0,0,0,1000,0,0,0,1,1,true,true,false
"terminalOpportunity","missileTechnologyLevel","command-guided",2,6,"stationary","occluded","2","4","nondecreasing",1000,0,0,0,1000,0,0,0,1,1,true,true,false
"terminalOpportunity","missileTechnologyLevel","command-guided",2,6,"straight-retreat","live","2","4","nondecreasing",1000,1000,0,0,0,0,0,0,1,1,true,true,false
"terminalOpportunity","missileTechnologyLevel","command-guided",2,6,"straight-retreat","occluded","2","4","nondecreasing",1000,1000,0,0,0,0,0,0,1,1,true,true,false
"terminalOpportunity","missileTechnologyLevel","command-guided",2,6,"turnback","live","2","4","nondecreasing",1000,0,0,0,1000,0,0,0,1,1,true,true,false
"terminalOpportunity","missileTechnologyLevel","command-guided",2,6,"turnback","occluded","2","4","nondecreasing",1000,0,0,0,1000,0,0,0,1,1,true,true,false
"terminalOpportunity","missileTechnologyLevel","command-guided",4,2,"crossing-weave","live","4","6","nondecreasing",1000,0,0,0,1000,0,0,0,1,1,true,true,false
"terminalOpportunity","missileTechnologyLevel","command-guided",4,2,"crossing-weave","occluded","4","6","nondecreasing",1000,0,0,0,1000,0,0,0,1,1,true,true,false
"terminalOpportunity","missileTechnologyLevel","command-guided",4,2,"stationary","live","4","6","nondecreasing",1000,0,0,0,1000,0,0,0,1,1,true,true,false
"terminalOpportunity","missileTechnologyLevel","command-guided",4,2,"stationary","occluded","4","6","nondecreasing",1000,0,0,0,1000,0,0,0,1,1,true,true,false
"terminalOpportunity","missileTechnologyLevel","command-guided",4,2,"straight-retreat","live","4","6","nondecreasing",1000,0,0,0,1000,0,0,0,1,1,true,true,false
"terminalOpportunity","missileTechnologyLevel","command-guided",4,2,"straight-retreat","occluded","4","6","nondecreasing",1000,1000,0,0,0,0,0,0,1,1,true,true,false
"terminalOpportunity","missileTechnologyLevel","command-guided",4,2,"turnback","live","4","6","nondecreasing",1000,0,0,0,1000,0,0,0,1,1,true,true,false
"terminalOpportunity","missileTechnologyLevel","command-guided",4,2,"turnback","occluded","4","6","nondecreasing",1000,0,0,0,1000,0,0,0,1,1,true,true,false
"terminalOpportunity","missileTechnologyLevel","command-guided",4,4,"crossing-weave","live","4","6","nondecreasing",1000,0,0,0,1000,0,0,0,1,1,true,true,false
"terminalOpportunity","missileTechnologyLevel","command-guided",4,4,"crossing-weave","occluded","4","6","nondecreasing",1000,0,0,0,1000,0,0,0,1,1,true,true,false
"terminalOpportunity","missileTechnologyLevel","command-guided",4,4,"stationary","live","4","6","nondecreasing",1000,0,0,0,1000,0,0,0,1,1,true,true,false
"terminalOpportunity","missileTechnologyLevel","command-guided",4,4,"stationary","occluded","4","6","nondecreasing",1000,0,0,0,1000,0,0,0,1,1,true,true,false
"terminalOpportunity","missileTechnologyLevel","command-guided",4,4,"straight-retreat","live","4","6","nondecreasing",1000,0,0,1000,0,1,1,1,1,1,true,true,false
"terminalOpportunity","missileTechnologyLevel","command-guided",4,4,"straight-retreat","occluded","4","6","nondecreasing",1000,1000,0,0,0,0,0,0,1,1,true,true,false
"terminalOpportunity","missileTechnologyLevel","command-guided",4,4,"turnback","live","4","6","nondecreasing",1000,0,0,0,1000,0,0,0,1,1,true,true,false
"terminalOpportunity","missileTechnologyLevel","command-guided",4,4,"turnback","occluded","4","6","nondecreasing",1000,0,0,0,1000,0,0,0,1,1,true,true,false
"terminalOpportunity","missileTechnologyLevel","command-guided",4,6,"crossing-weave","live","4","6","nondecreasing",1000,0,0,1000,0,1,1,1,1,1,true,true,false
"terminalOpportunity","missileTechnologyLevel","command-guided",4,6,"crossing-weave","occluded","4","6","nondecreasing",1000,0,0,0,1000,0,0,0,1,1,true,true,false
"terminalOpportunity","missileTechnologyLevel","command-guided",4,6,"stationary","live","4","6","nondecreasing",1000,0,0,0,1000,0,0,0,1,1,true,true,false
"terminalOpportunity","missileTechnologyLevel","command-guided",4,6,"stationary","occluded","4","6","nondecreasing",1000,0,0,0,1000,0,0,0,1,1,true,true,false
"terminalOpportunity","missileTechnologyLevel","command-guided",4,6,"straight-retreat","live","4","6","nondecreasing",1000,1000,0,0,0,0,0,0,1,1,true,true,false
"terminalOpportunity","missileTechnologyLevel","command-guided",4,6,"straight-retreat","occluded","4","6","nondecreasing",1000,1000,0,0,0,0,0,0,1,1,true,true,false
"terminalOpportunity","missileTechnologyLevel","command-guided",4,6,"turnback","live","4","6","nondecreasing",1000,0,0,0,1000,0,0,0,1,1,true,true,false
"terminalOpportunity","missileTechnologyLevel","command-guided",4,6,"turnback","occluded","4","6","nondecreasing",1000,0,0,0,1000,0,0,0,1,1,true,true,false
"terminalOpportunity","missileTechnologyLevel","seeker-only",2,2,"crossing-weave","live","2","4","nondecreasing",1000,0,0,1000,0,1,1,1,1,1,true,true,false
"terminalOpportunity","missileTechnologyLevel","seeker-only",2,2,"crossing-weave","occluded","2","4","nondecreasing",1000,0,0,1000,0,1,1,1,1,1,true,true,false
"terminalOpportunity","missileTechnologyLevel","seeker-only",2,2,"stationary","live","2","4","nondecreasing",1000,0,0,0,1000,0,0,0,1,1,true,true,false
"terminalOpportunity","missileTechnologyLevel","seeker-only",2,2,"stationary","occluded","2","4","nondecreasing",1000,0,0,0,1000,0,0,0,1,1,true,true,false
"terminalOpportunity","missileTechnologyLevel","seeker-only",2,2,"straight-retreat","live","2","4","nondecreasing",1000,0,0,1000,0,1,1,1,1,1,true,true,false
"terminalOpportunity","missileTechnologyLevel","seeker-only",2,2,"straight-retreat","occluded","2","4","nondecreasing",1000,1000,0,0,0,0,0,0,1,1,true,true,false
"terminalOpportunity","missileTechnologyLevel","seeker-only",2,2,"turnback","live","2","4","nondecreasing",1000,0,0,0,1000,0,0,0,1,1,true,true,false
"terminalOpportunity","missileTechnologyLevel","seeker-only",2,2,"turnback","occluded","2","4","nondecreasing",1000,0,0,0,1000,0,0,0,1,1,true,true,false
"terminalOpportunity","missileTechnologyLevel","seeker-only",2,4,"crossing-weave","live","2","4","nondecreasing",1000,0,0,1000,0,1,1,1,1,1,true,true,false
"terminalOpportunity","missileTechnologyLevel","seeker-only",2,4,"crossing-weave","occluded","2","4","nondecreasing",1000,0,0,1000,0,1,1,1,1,1,true,true,false
"terminalOpportunity","missileTechnologyLevel","seeker-only",2,4,"stationary","live","2","4","nondecreasing",1000,0,0,0,1000,0,0,0,1,1,true,true,false
"terminalOpportunity","missileTechnologyLevel","seeker-only",2,4,"stationary","occluded","2","4","nondecreasing",1000,0,0,0,1000,0,0,0,1,1,true,true,false
"terminalOpportunity","missileTechnologyLevel","seeker-only",2,4,"straight-retreat","live","2","4","nondecreasing",1000,1000,0,0,0,0,0,0,1,1,true,true,false
"terminalOpportunity","missileTechnologyLevel","seeker-only",2,4,"straight-retreat","occluded","2","4","nondecreasing",1000,1000,0,0,0,0,0,0,1,1,true,true,false
"terminalOpportunity","missileTechnologyLevel","seeker-only",2,4,"turnback","live","2","4","nondecreasing",1000,0,0,0,1000,0,0,0,1,1,true,true,false
"terminalOpportunity","missileTechnologyLevel","seeker-only",2,4,"turnback","occluded","2","4","nondecreasing",1000,0,0,0,1000,0,0,0,1,1,true,true,false
"terminalOpportunity","missileTechnologyLevel","seeker-only",2,6,"crossing-weave","live","2","4","nondecreasing",1000,1000,0,0,0,0,0,0,1,1,true,true,false
"terminalOpportunity","missileTechnologyLevel","seeker-only",2,6,"crossing-weave","occluded","2","4","nondecreasing",1000,0,0,1000,0,1,1,1,1,1,true,true,false
"terminalOpportunity","missileTechnologyLevel","seeker-only",2,6,"stationary","live","2","4","nondecreasing",1000,0,0,0,1000,0,0,0,1,1,true,true,false
"terminalOpportunity","missileTechnologyLevel","seeker-only",2,6,"stationary","occluded","2","4","nondecreasing",1000,0,0,0,1000,0,0,0,1,1,true,true,false
"terminalOpportunity","missileTechnologyLevel","seeker-only",2,6,"straight-retreat","live","2","4","nondecreasing",1000,1000,0,0,0,0,0,0,1,1,true,true,false
"terminalOpportunity","missileTechnologyLevel","seeker-only",2,6,"straight-retreat","occluded","2","4","nondecreasing",1000,1000,0,0,0,0,0,0,1,1,true,true,false
"terminalOpportunity","missileTechnologyLevel","seeker-only",2,6,"turnback","live","2","4","nondecreasing",1000,0,0,0,1000,0,0,0,1,1,true,true,false
"terminalOpportunity","missileTechnologyLevel","seeker-only",2,6,"turnback","occluded","2","4","nondecreasing",1000,0,0,0,1000,0,0,0,1,1,true,true,false
"terminalOpportunity","missileTechnologyLevel","seeker-only",4,2,"crossing-weave","live","4","6","nondecreasing",1000,0,0,0,1000,0,0,0,1,1,true,true,false
"terminalOpportunity","missileTechnologyLevel","seeker-only",4,2,"crossing-weave","occluded","4","6","nondecreasing",1000,0,0,0,1000,0,0,0,1,1,true,true,false
"terminalOpportunity","missileTechnologyLevel","seeker-only",4,2,"stationary","live","4","6","nondecreasing",1000,0,0,0,1000,0,0,0,1,1,true,true,false
"terminalOpportunity","missileTechnologyLevel","seeker-only",4,2,"stationary","occluded","4","6","nondecreasing",1000,0,0,0,1000,0,0,0,1,1,true,true,false
"terminalOpportunity","missileTechnologyLevel","seeker-only",4,2,"straight-retreat","live","4","6","nondecreasing",1000,0,0,0,1000,0,0,0,1,1,true,true,false
"terminalOpportunity","missileTechnologyLevel","seeker-only",4,2,"straight-retreat","occluded","4","6","nondecreasing",1000,1000,0,0,0,0,0,0,1,1,true,true,false
"terminalOpportunity","missileTechnologyLevel","seeker-only",4,2,"turnback","live","4","6","nondecreasing",1000,0,0,0,1000,0,0,0,1,1,true,true,false
"terminalOpportunity","missileTechnologyLevel","seeker-only",4,2,"turnback","occluded","4","6","nondecreasing",1000,0,0,0,1000,0,0,0,1,1,true,true,false
"terminalOpportunity","missileTechnologyLevel","seeker-only",4,4,"crossing-weave","live","4","6","nondecreasing",1000,0,0,0,1000,0,0,0,1,1,true,true,false
"terminalOpportunity","missileTechnologyLevel","seeker-only",4,4,"crossing-weave","occluded","4","6","nondecreasing",1000,0,0,0,1000,0,0,0,1,1,true,true,false
"terminalOpportunity","missileTechnologyLevel","seeker-only",4,4,"stationary","live","4","6","nondecreasing",1000,0,0,0,1000,0,0,0,1,1,true,true,false
"terminalOpportunity","missileTechnologyLevel","seeker-only",4,4,"stationary","occluded","4","6","nondecreasing",1000,0,0,0,1000,0,0,0,1,1,true,true,false
"terminalOpportunity","missileTechnologyLevel","seeker-only",4,4,"straight-retreat","live","4","6","nondecreasing",1000,0,0,1000,0,1,1,1,1,1,true,true,false
"terminalOpportunity","missileTechnologyLevel","seeker-only",4,4,"straight-retreat","occluded","4","6","nondecreasing",1000,1000,0,0,0,0,0,0,1,1,true,true,false
"terminalOpportunity","missileTechnologyLevel","seeker-only",4,4,"turnback","live","4","6","nondecreasing",1000,0,0,0,1000,0,0,0,1,1,true,true,false
"terminalOpportunity","missileTechnologyLevel","seeker-only",4,4,"turnback","occluded","4","6","nondecreasing",1000,0,0,0,1000,0,0,0,1,1,true,true,false
"terminalOpportunity","missileTechnologyLevel","seeker-only",4,6,"crossing-weave","live","4","6","nondecreasing",1000,0,0,1000,0,1,1,1,1,1,true,true,false
"terminalOpportunity","missileTechnologyLevel","seeker-only",4,6,"crossing-weave","occluded","4","6","nondecreasing",1000,0,0,0,1000,0,0,0,1,1,true,true,false
"terminalOpportunity","missileTechnologyLevel","seeker-only",4,6,"stationary","live","4","6","nondecreasing",1000,0,0,0,1000,0,0,0,1,1,true,true,false
"terminalOpportunity","missileTechnologyLevel","seeker-only",4,6,"stationary","occluded","4","6","nondecreasing",1000,0,0,0,1000,0,0,0,1,1,true,true,false
"terminalOpportunity","missileTechnologyLevel","seeker-only",4,6,"straight-retreat","live","4","6","nondecreasing",1000,1000,0,0,0,0,0,0,1,1,true,true,false
"terminalOpportunity","missileTechnologyLevel","seeker-only",4,6,"straight-retreat","occluded","4","6","nondecreasing",1000,1000,0,0,0,0,0,0,1,1,true,true,false
"terminalOpportunity","missileTechnologyLevel","seeker-only",4,6,"turnback","live","4","6","nondecreasing",1000,0,0,0,1000,0,0,0,1,1,true,true,false
"terminalOpportunity","missileTechnologyLevel","seeker-only",4,6,"turnback","occluded","4","6","nondecreasing",1000,0,0,0,1000,0,0,0,1,1,true,true,false
"terminalOpportunity","missileTechnologyLevel","sensor-only",2,2,"crossing-weave","live","2","4","nondecreasing",1000,0,0,1000,0,1,1,1,1,1,true,true,false
"terminalOpportunity","missileTechnologyLevel","sensor-only",2,2,"crossing-weave","occluded","2","4","nondecreasing",1000,0,0,1000,0,1,1,1,1,1,true,true,false
"terminalOpportunity","missileTechnologyLevel","sensor-only",2,2,"stationary","live","2","4","nondecreasing",1000,0,0,0,1000,0,0,0,1,1,true,true,false
"terminalOpportunity","missileTechnologyLevel","sensor-only",2,2,"stationary","occluded","2","4","nondecreasing",1000,0,0,0,1000,0,0,0,1,1,true,true,false
"terminalOpportunity","missileTechnologyLevel","sensor-only",2,2,"straight-retreat","live","2","4","nondecreasing",1000,0,0,1000,0,1,1,1,1,1,true,true,false
"terminalOpportunity","missileTechnologyLevel","sensor-only",2,2,"straight-retreat","occluded","2","4","nondecreasing",1000,0,0,1000,0,1,1,1,1,1,true,true,false
"terminalOpportunity","missileTechnologyLevel","sensor-only",2,2,"turnback","live","2","4","nondecreasing",1000,0,0,0,1000,0,0,0,1,1,true,true,false
"terminalOpportunity","missileTechnologyLevel","sensor-only",2,2,"turnback","occluded","2","4","nondecreasing",1000,0,0,0,1000,0,0,0,1,1,true,true,false
"terminalOpportunity","missileTechnologyLevel","sensor-only",2,4,"crossing-weave","live","2","4","nondecreasing",1000,0,0,1000,0,1,1,1,1,1,true,true,false
"terminalOpportunity","missileTechnologyLevel","sensor-only",2,4,"crossing-weave","occluded","2","4","nondecreasing",1000,0,0,1000,0,1,1,1,1,1,true,true,false
"terminalOpportunity","missileTechnologyLevel","sensor-only",2,4,"stationary","live","2","4","nondecreasing",1000,0,0,0,1000,0,0,0,1,1,true,true,false
"terminalOpportunity","missileTechnologyLevel","sensor-only",2,4,"stationary","occluded","2","4","nondecreasing",1000,0,0,0,1000,0,0,0,1,1,true,true,false
"terminalOpportunity","missileTechnologyLevel","sensor-only",2,4,"straight-retreat","live","2","4","nondecreasing",1000,1000,0,0,0,0,0,0,1,1,true,true,false
"terminalOpportunity","missileTechnologyLevel","sensor-only",2,4,"straight-retreat","occluded","2","4","nondecreasing",1000,1000,0,0,0,0,0,0,1,1,true,true,false
"terminalOpportunity","missileTechnologyLevel","sensor-only",2,4,"turnback","live","2","4","nondecreasing",1000,0,0,0,1000,0,0,0,1,1,true,true,false
"terminalOpportunity","missileTechnologyLevel","sensor-only",2,4,"turnback","occluded","2","4","nondecreasing",1000,0,0,0,1000,0,0,0,1,1,true,true,false
"terminalOpportunity","missileTechnologyLevel","sensor-only",2,6,"crossing-weave","live","2","4","nondecreasing",1000,1000,0,0,0,0,0,0,1,1,true,true,false
"terminalOpportunity","missileTechnologyLevel","sensor-only",2,6,"crossing-weave","occluded","2","4","nondecreasing",1000,1000,0,0,0,0,0,0,1,1,true,true,false
"terminalOpportunity","missileTechnologyLevel","sensor-only",2,6,"stationary","live","2","4","nondecreasing",1000,0,0,0,1000,0,0,0,1,1,true,true,false
"terminalOpportunity","missileTechnologyLevel","sensor-only",2,6,"stationary","occluded","2","4","nondecreasing",1000,0,0,0,1000,0,0,0,1,1,true,true,false
"terminalOpportunity","missileTechnologyLevel","sensor-only",2,6,"straight-retreat","live","2","4","nondecreasing",1000,1000,0,0,0,0,0,0,1,1,true,true,false
"terminalOpportunity","missileTechnologyLevel","sensor-only",2,6,"straight-retreat","occluded","2","4","nondecreasing",1000,1000,0,0,0,0,0,0,1,1,true,true,false
"terminalOpportunity","missileTechnologyLevel","sensor-only",2,6,"turnback","live","2","4","nondecreasing",1000,0,0,0,1000,0,0,0,1,1,true,true,false
"terminalOpportunity","missileTechnologyLevel","sensor-only",2,6,"turnback","occluded","2","4","nondecreasing",1000,0,0,0,1000,0,0,0,1,1,true,true,false
"terminalOpportunity","missileTechnologyLevel","sensor-only",4,2,"crossing-weave","live","4","6","nondecreasing",1000,0,0,0,1000,0,0,0,1,1,true,true,false
"terminalOpportunity","missileTechnologyLevel","sensor-only",4,2,"crossing-weave","occluded","4","6","nondecreasing",1000,0,0,0,1000,0,0,0,1,1,true,true,false
"terminalOpportunity","missileTechnologyLevel","sensor-only",4,2,"stationary","live","4","6","nondecreasing",1000,0,0,0,1000,0,0,0,1,1,true,true,false
"terminalOpportunity","missileTechnologyLevel","sensor-only",4,2,"stationary","occluded","4","6","nondecreasing",1000,0,0,0,1000,0,0,0,1,1,true,true,false
"terminalOpportunity","missileTechnologyLevel","sensor-only",4,2,"straight-retreat","live","4","6","nondecreasing",1000,0,0,0,1000,0,0,0,1,1,true,true,false
"terminalOpportunity","missileTechnologyLevel","sensor-only",4,2,"straight-retreat","occluded","4","6","nondecreasing",1000,0,0,0,1000,0,0,0,1,1,true,true,false
"terminalOpportunity","missileTechnologyLevel","sensor-only",4,2,"turnback","live","4","6","nondecreasing",1000,0,0,0,1000,0,0,0,1,1,true,true,false
"terminalOpportunity","missileTechnologyLevel","sensor-only",4,2,"turnback","occluded","4","6","nondecreasing",1000,0,0,0,1000,0,0,0,1,1,true,true,false
"terminalOpportunity","missileTechnologyLevel","sensor-only",4,4,"crossing-weave","live","4","6","nondecreasing",1000,0,0,0,1000,0,0,0,1,1,true,true,false
"terminalOpportunity","missileTechnologyLevel","sensor-only",4,4,"crossing-weave","occluded","4","6","nondecreasing",1000,0,0,0,1000,0,0,0,1,1,true,true,false
"terminalOpportunity","missileTechnologyLevel","sensor-only",4,4,"stationary","live","4","6","nondecreasing",1000,0,0,0,1000,0,0,0,1,1,true,true,false
"terminalOpportunity","missileTechnologyLevel","sensor-only",4,4,"stationary","occluded","4","6","nondecreasing",1000,0,0,0,1000,0,0,0,1,1,true,true,false
"terminalOpportunity","missileTechnologyLevel","sensor-only",4,4,"straight-retreat","live","4","6","nondecreasing",1000,0,0,1000,0,1,1,1,1,1,true,true,false
"terminalOpportunity","missileTechnologyLevel","sensor-only",4,4,"straight-retreat","occluded","4","6","nondecreasing",1000,0,0,1000,0,1,1,1,1,1,true,true,false
"terminalOpportunity","missileTechnologyLevel","sensor-only",4,4,"turnback","live","4","6","nondecreasing",1000,0,0,0,1000,0,0,0,1,1,true,true,false
"terminalOpportunity","missileTechnologyLevel","sensor-only",4,4,"turnback","occluded","4","6","nondecreasing",1000,0,0,0,1000,0,0,0,1,1,true,true,false
"terminalOpportunity","missileTechnologyLevel","sensor-only",4,6,"crossing-weave","live","4","6","nondecreasing",1000,0,0,1000,0,1,1,1,1,1,true,true,false
"terminalOpportunity","missileTechnologyLevel","sensor-only",4,6,"crossing-weave","occluded","4","6","nondecreasing",1000,0,0,1000,0,1,1,1,1,1,true,true,false
"terminalOpportunity","missileTechnologyLevel","sensor-only",4,6,"stationary","live","4","6","nondecreasing",1000,0,0,0,1000,0,0,0,1,1,true,true,false
"terminalOpportunity","missileTechnologyLevel","sensor-only",4,6,"stationary","occluded","4","6","nondecreasing",1000,0,0,0,1000,0,0,0,1,1,true,true,false
"terminalOpportunity","missileTechnologyLevel","sensor-only",4,6,"straight-retreat","live","4","6","nondecreasing",1000,1000,0,0,0,0,0,0,1,1,true,true,false
"terminalOpportunity","missileTechnologyLevel","sensor-only",4,6,"straight-retreat","occluded","4","6","nondecreasing",1000,1000,0,0,0,0,0,0,1,1,true,true,false
"terminalOpportunity","missileTechnologyLevel","sensor-only",4,6,"turnback","live","4","6","nondecreasing",1000,0,0,0,1000,0,0,0,1,1,true,true,false
"terminalOpportunity","missileTechnologyLevel","sensor-only",4,6,"turnback","occluded","4","6","nondecreasing",1000,0,0,0,1000,0,0,0,1,1,true,true,false
"terminalOpportunity","missileTechnologyLevel","sensor-plus-seeker",2,2,"crossing-weave","live","2","4","nondecreasing",1000,0,0,1000,0,1,1,1,1,1,true,true,false
"terminalOpportunity","missileTechnologyLevel","sensor-plus-seeker",2,2,"crossing-weave","occluded","2","4","nondecreasing",1000,0,0,1000,0,1,1,1,1,1,true,true,false
"terminalOpportunity","missileTechnologyLevel","sensor-plus-seeker",2,2,"stationary","live","2","4","nondecreasing",1000,0,0,0,1000,0,0,0,1,1,true,true,false
"terminalOpportunity","missileTechnologyLevel","sensor-plus-seeker",2,2,"stationary","occluded","2","4","nondecreasing",1000,0,0,0,1000,0,0,0,1,1,true,true,false
"terminalOpportunity","missileTechnologyLevel","sensor-plus-seeker",2,2,"straight-retreat","live","2","4","nondecreasing",1000,0,0,1000,0,1,1,1,1,1,true,true,false
"terminalOpportunity","missileTechnologyLevel","sensor-plus-seeker",2,2,"straight-retreat","occluded","2","4","nondecreasing",1000,0,0,1000,0,1,1,1,1,1,true,true,false
"terminalOpportunity","missileTechnologyLevel","sensor-plus-seeker",2,2,"turnback","live","2","4","nondecreasing",1000,0,0,0,1000,0,0,0,1,1,true,true,false
"terminalOpportunity","missileTechnologyLevel","sensor-plus-seeker",2,2,"turnback","occluded","2","4","nondecreasing",1000,0,0,0,1000,0,0,0,1,1,true,true,false
"terminalOpportunity","missileTechnologyLevel","sensor-plus-seeker",2,4,"crossing-weave","live","2","4","nondecreasing",1000,0,0,1000,0,1,1,1,1,1,true,true,false
"terminalOpportunity","missileTechnologyLevel","sensor-plus-seeker",2,4,"crossing-weave","occluded","2","4","nondecreasing",1000,0,0,1000,0,1,1,1,1,1,true,true,false
"terminalOpportunity","missileTechnologyLevel","sensor-plus-seeker",2,4,"stationary","live","2","4","nondecreasing",1000,0,0,0,1000,0,0,0,1,1,true,true,false
"terminalOpportunity","missileTechnologyLevel","sensor-plus-seeker",2,4,"stationary","occluded","2","4","nondecreasing",1000,0,0,0,1000,0,0,0,1,1,true,true,false
"terminalOpportunity","missileTechnologyLevel","sensor-plus-seeker",2,4,"straight-retreat","live","2","4","nondecreasing",1000,1000,0,0,0,0,0,0,1,1,true,true,false
"terminalOpportunity","missileTechnologyLevel","sensor-plus-seeker",2,4,"straight-retreat","occluded","2","4","nondecreasing",1000,1000,0,0,0,0,0,0,1,1,true,true,false
"terminalOpportunity","missileTechnologyLevel","sensor-plus-seeker",2,4,"turnback","live","2","4","nondecreasing",1000,0,0,0,1000,0,0,0,1,1,true,true,false
"terminalOpportunity","missileTechnologyLevel","sensor-plus-seeker",2,4,"turnback","occluded","2","4","nondecreasing",1000,0,0,0,1000,0,0,0,1,1,true,true,false
"terminalOpportunity","missileTechnologyLevel","sensor-plus-seeker",2,6,"crossing-weave","live","2","4","nondecreasing",1000,1000,0,0,0,0,0,0,1,1,true,true,false
"terminalOpportunity","missileTechnologyLevel","sensor-plus-seeker",2,6,"crossing-weave","occluded","2","4","nondecreasing",1000,1000,0,0,0,0,0,0,1,1,true,true,false
"terminalOpportunity","missileTechnologyLevel","sensor-plus-seeker",2,6,"stationary","live","2","4","nondecreasing",1000,0,0,0,1000,0,0,0,1,1,true,true,false
"terminalOpportunity","missileTechnologyLevel","sensor-plus-seeker",2,6,"stationary","occluded","2","4","nondecreasing",1000,0,0,0,1000,0,0,0,1,1,true,true,false
"terminalOpportunity","missileTechnologyLevel","sensor-plus-seeker",2,6,"straight-retreat","live","2","4","nondecreasing",1000,1000,0,0,0,0,0,0,1,1,true,true,false
"terminalOpportunity","missileTechnologyLevel","sensor-plus-seeker",2,6,"straight-retreat","occluded","2","4","nondecreasing",1000,1000,0,0,0,0,0,0,1,1,true,true,false
"terminalOpportunity","missileTechnologyLevel","sensor-plus-seeker",2,6,"turnback","live","2","4","nondecreasing",1000,0,0,0,1000,0,0,0,1,1,true,true,false
"terminalOpportunity","missileTechnologyLevel","sensor-plus-seeker",2,6,"turnback","occluded","2","4","nondecreasing",1000,0,0,0,1000,0,0,0,1,1,true,true,false
"terminalOpportunity","missileTechnologyLevel","sensor-plus-seeker",4,2,"crossing-weave","live","4","6","nondecreasing",1000,0,0,0,1000,0,0,0,1,1,true,true,false
"terminalOpportunity","missileTechnologyLevel","sensor-plus-seeker",4,2,"crossing-weave","occluded","4","6","nondecreasing",1000,0,0,0,1000,0,0,0,1,1,true,true,false
"terminalOpportunity","missileTechnologyLevel","sensor-plus-seeker",4,2,"stationary","live","4","6","nondecreasing",1000,0,0,0,1000,0,0,0,1,1,true,true,false
"terminalOpportunity","missileTechnologyLevel","sensor-plus-seeker",4,2,"stationary","occluded","4","6","nondecreasing",1000,0,0,0,1000,0,0,0,1,1,true,true,false
"terminalOpportunity","missileTechnologyLevel","sensor-plus-seeker",4,2,"straight-retreat","live","4","6","nondecreasing",1000,0,0,0,1000,0,0,0,1,1,true,true,false
"terminalOpportunity","missileTechnologyLevel","sensor-plus-seeker",4,2,"straight-retreat","occluded","4","6","nondecreasing",1000,0,0,0,1000,0,0,0,1,1,true,true,false
"terminalOpportunity","missileTechnologyLevel","sensor-plus-seeker",4,2,"turnback","live","4","6","nondecreasing",1000,0,0,0,1000,0,0,0,1,1,true,true,false
"terminalOpportunity","missileTechnologyLevel","sensor-plus-seeker",4,2,"turnback","occluded","4","6","nondecreasing",1000,0,0,0,1000,0,0,0,1,1,true,true,false
"terminalOpportunity","missileTechnologyLevel","sensor-plus-seeker",4,4,"crossing-weave","live","4","6","nondecreasing",1000,0,0,0,1000,0,0,0,1,1,true,true,false
"terminalOpportunity","missileTechnologyLevel","sensor-plus-seeker",4,4,"crossing-weave","occluded","4","6","nondecreasing",1000,0,0,0,1000,0,0,0,1,1,true,true,false
"terminalOpportunity","missileTechnologyLevel","sensor-plus-seeker",4,4,"stationary","live","4","6","nondecreasing",1000,0,0,0,1000,0,0,0,1,1,true,true,false
"terminalOpportunity","missileTechnologyLevel","sensor-plus-seeker",4,4,"stationary","occluded","4","6","nondecreasing",1000,0,0,0,1000,0,0,0,1,1,true,true,false
"terminalOpportunity","missileTechnologyLevel","sensor-plus-seeker",4,4,"straight-retreat","live","4","6","nondecreasing",1000,0,0,1000,0,1,1,1,1,1,true,true,false
"terminalOpportunity","missileTechnologyLevel","sensor-plus-seeker",4,4,"straight-retreat","occluded","4","6","nondecreasing",1000,0,0,1000,0,1,1,1,1,1,true,true,false
"terminalOpportunity","missileTechnologyLevel","sensor-plus-seeker",4,4,"turnback","live","4","6","nondecreasing",1000,0,0,0,1000,0,0,0,1,1,true,true,false
"terminalOpportunity","missileTechnologyLevel","sensor-plus-seeker",4,4,"turnback","occluded","4","6","nondecreasing",1000,0,0,0,1000,0,0,0,1,1,true,true,false
"terminalOpportunity","missileTechnologyLevel","sensor-plus-seeker",4,6,"crossing-weave","live","4","6","nondecreasing",1000,0,0,1000,0,1,1,1,1,1,true,true,false
"terminalOpportunity","missileTechnologyLevel","sensor-plus-seeker",4,6,"crossing-weave","occluded","4","6","nondecreasing",1000,0,0,1000,0,1,1,1,1,1,true,true,false
"terminalOpportunity","missileTechnologyLevel","sensor-plus-seeker",4,6,"stationary","live","4","6","nondecreasing",1000,0,0,0,1000,0,0,0,1,1,true,true,false
"terminalOpportunity","missileTechnologyLevel","sensor-plus-seeker",4,6,"stationary","occluded","4","6","nondecreasing",1000,0,0,0,1000,0,0,0,1,1,true,true,false
"terminalOpportunity","missileTechnologyLevel","sensor-plus-seeker",4,6,"straight-retreat","live","4","6","nondecreasing",1000,1000,0,0,0,0,0,0,1,1,true,true,false
"terminalOpportunity","missileTechnologyLevel","sensor-plus-seeker",4,6,"straight-retreat","occluded","4","6","nondecreasing",1000,1000,0,0,0,0,0,0,1,1,true,true,false
"terminalOpportunity","missileTechnologyLevel","sensor-plus-seeker",4,6,"turnback","live","4","6","nondecreasing",1000,0,0,0,1000,0,0,0,1,1,true,true,false
"terminalOpportunity","missileTechnologyLevel","sensor-plus-seeker",4,6,"turnback","occluded","4","6","nondecreasing",1000,0,0,0,1000,0,0,0,1,1,true,true,false
"terminalOpportunity","targetPropulsionTechnologyLevel","command-guided",2,2,"stationary","live","2","4","flat",1000,0,0,0,1000,0,0,0,1,1,true,true,false
"terminalOpportunity","targetPropulsionTechnologyLevel","command-guided",2,2,"stationary","occluded","2","4","flat",1000,0,0,0,1000,0,0,0,1,1,true,true,false
"terminalOpportunity","targetPropulsionTechnologyLevel","command-guided",2,2,"straight-retreat","live","2","4","nonincreasing",1000,1000,0,0,0,0,0,0,1,1,true,true,false
"terminalOpportunity","targetPropulsionTechnologyLevel","command-guided",2,2,"straight-retreat","occluded","2","4","nonincreasing",1000,1000,0,0,0,0,0,0,1,1,true,true,false
"terminalOpportunity","targetPropulsionTechnologyLevel","command-guided",2,4,"stationary","live","4","6","flat",1000,0,0,0,1000,0,0,0,1,1,true,true,false
"terminalOpportunity","targetPropulsionTechnologyLevel","command-guided",2,4,"stationary","occluded","4","6","flat",1000,0,0,0,1000,0,0,0,1,1,true,true,false
"terminalOpportunity","targetPropulsionTechnologyLevel","command-guided",2,4,"straight-retreat","live","4","6","nonincreasing",1000,1000,0,0,0,0,0,0,1,1,true,true,false
"terminalOpportunity","targetPropulsionTechnologyLevel","command-guided",2,4,"straight-retreat","occluded","4","6","nonincreasing",1000,1000,0,0,0,0,0,0,1,1,true,true,false
"terminalOpportunity","targetPropulsionTechnologyLevel","command-guided",4,2,"stationary","live","2","4","flat",1000,0,0,0,1000,0,0,0,1,1,true,true,false
"terminalOpportunity","targetPropulsionTechnologyLevel","command-guided",4,2,"stationary","occluded","2","4","flat",1000,0,0,0,1000,0,0,0,1,1,true,true,false
"terminalOpportunity","targetPropulsionTechnologyLevel","command-guided",4,2,"straight-retreat","live","2","4","nonincreasing",1000,0,1000,0,0,-1,-1,-1,1,1,true,true,false
"terminalOpportunity","targetPropulsionTechnologyLevel","command-guided",4,2,"straight-retreat","occluded","2","4","nonincreasing",1000,1000,0,0,0,0,0,0,1,1,true,true,false
"terminalOpportunity","targetPropulsionTechnologyLevel","command-guided",4,4,"stationary","live","4","6","flat",1000,0,0,0,1000,0,0,0,1,1,true,true,false
"terminalOpportunity","targetPropulsionTechnologyLevel","command-guided",4,4,"stationary","occluded","4","6","flat",1000,0,0,0,1000,0,0,0,1,1,true,true,false
"terminalOpportunity","targetPropulsionTechnologyLevel","command-guided",4,4,"straight-retreat","live","4","6","nonincreasing",1000,1000,0,0,0,0,0,0,1,1,true,true,false
"terminalOpportunity","targetPropulsionTechnologyLevel","command-guided",4,4,"straight-retreat","occluded","4","6","nonincreasing",1000,1000,0,0,0,0,0,0,1,1,true,true,false
"terminalOpportunity","targetPropulsionTechnologyLevel","command-guided",6,2,"stationary","live","2","4","flat",1000,0,0,0,1000,0,0,0,1,1,true,true,false
"terminalOpportunity","targetPropulsionTechnologyLevel","command-guided",6,2,"stationary","occluded","2","4","flat",1000,0,0,0,1000,0,0,0,1,1,true,true,false
"terminalOpportunity","targetPropulsionTechnologyLevel","command-guided",6,2,"straight-retreat","live","2","4","nonincreasing",1000,0,0,0,1000,0,0,0,1,1,true,true,false
"terminalOpportunity","targetPropulsionTechnologyLevel","command-guided",6,2,"straight-retreat","occluded","2","4","nonincreasing",1000,1000,0,0,0,0,0,0,1,1,true,true,false
"terminalOpportunity","targetPropulsionTechnologyLevel","command-guided",6,4,"stationary","live","4","6","flat",1000,0,0,0,1000,0,0,0,1,1,true,true,false
"terminalOpportunity","targetPropulsionTechnologyLevel","command-guided",6,4,"stationary","occluded","4","6","flat",1000,0,0,0,1000,0,0,0,1,1,true,true,false
"terminalOpportunity","targetPropulsionTechnologyLevel","command-guided",6,4,"straight-retreat","live","4","6","nonincreasing",1000,0,1000,0,0,-1,-1,-1,1,1,true,true,false
"terminalOpportunity","targetPropulsionTechnologyLevel","command-guided",6,4,"straight-retreat","occluded","4","6","nonincreasing",1000,1000,0,0,0,0,0,0,1,1,true,true,false
"terminalOpportunity","targetPropulsionTechnologyLevel","seeker-only",2,2,"stationary","live","2","4","flat",1000,0,0,0,1000,0,0,0,1,1,true,true,false
"terminalOpportunity","targetPropulsionTechnologyLevel","seeker-only",2,2,"stationary","occluded","2","4","flat",1000,0,0,0,1000,0,0,0,1,1,true,true,false
"terminalOpportunity","targetPropulsionTechnologyLevel","seeker-only",2,2,"straight-retreat","live","2","4","nonincreasing",1000,1000,0,0,0,0,0,0,1,1,true,true,false
"terminalOpportunity","targetPropulsionTechnologyLevel","seeker-only",2,2,"straight-retreat","occluded","2","4","nonincreasing",1000,1000,0,0,0,0,0,0,1,1,true,true,false
"terminalOpportunity","targetPropulsionTechnologyLevel","seeker-only",2,4,"stationary","live","4","6","flat",1000,0,0,0,1000,0,0,0,1,1,true,true,false
"terminalOpportunity","targetPropulsionTechnologyLevel","seeker-only",2,4,"stationary","occluded","4","6","flat",1000,0,0,0,1000,0,0,0,1,1,true,true,false
"terminalOpportunity","targetPropulsionTechnologyLevel","seeker-only",2,4,"straight-retreat","live","4","6","nonincreasing",1000,1000,0,0,0,0,0,0,1,1,true,true,false
"terminalOpportunity","targetPropulsionTechnologyLevel","seeker-only",2,4,"straight-retreat","occluded","4","6","nonincreasing",1000,1000,0,0,0,0,0,0,1,1,true,true,false
"terminalOpportunity","targetPropulsionTechnologyLevel","seeker-only",4,2,"stationary","live","2","4","flat",1000,0,0,0,1000,0,0,0,1,1,true,true,false
"terminalOpportunity","targetPropulsionTechnologyLevel","seeker-only",4,2,"stationary","occluded","2","4","flat",1000,0,0,0,1000,0,0,0,1,1,true,true,false
"terminalOpportunity","targetPropulsionTechnologyLevel","seeker-only",4,2,"straight-retreat","live","2","4","nonincreasing",1000,0,1000,0,0,-1,-1,-1,1,1,true,true,false
"terminalOpportunity","targetPropulsionTechnologyLevel","seeker-only",4,2,"straight-retreat","occluded","2","4","nonincreasing",1000,1000,0,0,0,0,0,0,1,1,true,true,false
"terminalOpportunity","targetPropulsionTechnologyLevel","seeker-only",4,4,"stationary","live","4","6","flat",1000,0,0,0,1000,0,0,0,1,1,true,true,false
"terminalOpportunity","targetPropulsionTechnologyLevel","seeker-only",4,4,"stationary","occluded","4","6","flat",1000,0,0,0,1000,0,0,0,1,1,true,true,false
"terminalOpportunity","targetPropulsionTechnologyLevel","seeker-only",4,4,"straight-retreat","live","4","6","nonincreasing",1000,1000,0,0,0,0,0,0,1,1,true,true,false
"terminalOpportunity","targetPropulsionTechnologyLevel","seeker-only",4,4,"straight-retreat","occluded","4","6","nonincreasing",1000,1000,0,0,0,0,0,0,1,1,true,true,false
"terminalOpportunity","targetPropulsionTechnologyLevel","seeker-only",6,2,"stationary","live","2","4","flat",1000,0,0,0,1000,0,0,0,1,1,true,true,false
"terminalOpportunity","targetPropulsionTechnologyLevel","seeker-only",6,2,"stationary","occluded","2","4","flat",1000,0,0,0,1000,0,0,0,1,1,true,true,false
"terminalOpportunity","targetPropulsionTechnologyLevel","seeker-only",6,2,"straight-retreat","live","2","4","nonincreasing",1000,0,0,0,1000,0,0,0,1,1,true,true,false
"terminalOpportunity","targetPropulsionTechnologyLevel","seeker-only",6,2,"straight-retreat","occluded","2","4","nonincreasing",1000,1000,0,0,0,0,0,0,1,1,true,true,false
"terminalOpportunity","targetPropulsionTechnologyLevel","seeker-only",6,4,"stationary","live","4","6","flat",1000,0,0,0,1000,0,0,0,1,1,true,true,false
"terminalOpportunity","targetPropulsionTechnologyLevel","seeker-only",6,4,"stationary","occluded","4","6","flat",1000,0,0,0,1000,0,0,0,1,1,true,true,false
"terminalOpportunity","targetPropulsionTechnologyLevel","seeker-only",6,4,"straight-retreat","live","4","6","nonincreasing",1000,0,1000,0,0,-1,-1,-1,1,1,true,true,false
"terminalOpportunity","targetPropulsionTechnologyLevel","seeker-only",6,4,"straight-retreat","occluded","4","6","nonincreasing",1000,1000,0,0,0,0,0,0,1,1,true,true,false
"terminalOpportunity","targetPropulsionTechnologyLevel","sensor-only",2,2,"stationary","live","2","4","flat",1000,0,0,0,1000,0,0,0,1,1,true,true,false
"terminalOpportunity","targetPropulsionTechnologyLevel","sensor-only",2,2,"stationary","occluded","2","4","flat",1000,0,0,0,1000,0,0,0,1,1,true,true,false
"terminalOpportunity","targetPropulsionTechnologyLevel","sensor-only",2,2,"straight-retreat","live","2","4","nonincreasing",1000,1000,0,0,0,0,0,0,1,1,true,true,false
"terminalOpportunity","targetPropulsionTechnologyLevel","sensor-only",2,2,"straight-retreat","occluded","2","4","nonincreasing",1000,1000,0,0,0,0,0,0,1,1,true,true,false
"terminalOpportunity","targetPropulsionTechnologyLevel","sensor-only",2,4,"stationary","live","4","6","flat",1000,0,0,0,1000,0,0,0,1,1,true,true,false
"terminalOpportunity","targetPropulsionTechnologyLevel","sensor-only",2,4,"stationary","occluded","4","6","flat",1000,0,0,0,1000,0,0,0,1,1,true,true,false
"terminalOpportunity","targetPropulsionTechnologyLevel","sensor-only",2,4,"straight-retreat","live","4","6","nonincreasing",1000,1000,0,0,0,0,0,0,1,1,true,true,false
"terminalOpportunity","targetPropulsionTechnologyLevel","sensor-only",2,4,"straight-retreat","occluded","4","6","nonincreasing",1000,1000,0,0,0,0,0,0,1,1,true,true,false
"terminalOpportunity","targetPropulsionTechnologyLevel","sensor-only",4,2,"stationary","live","2","4","flat",1000,0,0,0,1000,0,0,0,1,1,true,true,false
"terminalOpportunity","targetPropulsionTechnologyLevel","sensor-only",4,2,"stationary","occluded","2","4","flat",1000,0,0,0,1000,0,0,0,1,1,true,true,false
"terminalOpportunity","targetPropulsionTechnologyLevel","sensor-only",4,2,"straight-retreat","live","2","4","nonincreasing",1000,0,1000,0,0,-1,-1,-1,1,1,true,true,false
"terminalOpportunity","targetPropulsionTechnologyLevel","sensor-only",4,2,"straight-retreat","occluded","2","4","nonincreasing",1000,0,1000,0,0,-1,-1,-1,1,1,true,true,false
"terminalOpportunity","targetPropulsionTechnologyLevel","sensor-only",4,4,"stationary","live","4","6","flat",1000,0,0,0,1000,0,0,0,1,1,true,true,false
"terminalOpportunity","targetPropulsionTechnologyLevel","sensor-only",4,4,"stationary","occluded","4","6","flat",1000,0,0,0,1000,0,0,0,1,1,true,true,false
"terminalOpportunity","targetPropulsionTechnologyLevel","sensor-only",4,4,"straight-retreat","live","4","6","nonincreasing",1000,1000,0,0,0,0,0,0,1,1,true,true,false
"terminalOpportunity","targetPropulsionTechnologyLevel","sensor-only",4,4,"straight-retreat","occluded","4","6","nonincreasing",1000,1000,0,0,0,0,0,0,1,1,true,true,false
"terminalOpportunity","targetPropulsionTechnologyLevel","sensor-only",6,2,"stationary","live","2","4","flat",1000,0,0,0,1000,0,0,0,1,1,true,true,false
"terminalOpportunity","targetPropulsionTechnologyLevel","sensor-only",6,2,"stationary","occluded","2","4","flat",1000,0,0,0,1000,0,0,0,1,1,true,true,false
"terminalOpportunity","targetPropulsionTechnologyLevel","sensor-only",6,2,"straight-retreat","live","2","4","nonincreasing",1000,0,0,0,1000,0,0,0,1,1,true,true,false
"terminalOpportunity","targetPropulsionTechnologyLevel","sensor-only",6,2,"straight-retreat","occluded","2","4","nonincreasing",1000,0,0,0,1000,0,0,0,1,1,true,true,false
"terminalOpportunity","targetPropulsionTechnologyLevel","sensor-only",6,4,"stationary","live","4","6","flat",1000,0,0,0,1000,0,0,0,1,1,true,true,false
"terminalOpportunity","targetPropulsionTechnologyLevel","sensor-only",6,4,"stationary","occluded","4","6","flat",1000,0,0,0,1000,0,0,0,1,1,true,true,false
"terminalOpportunity","targetPropulsionTechnologyLevel","sensor-only",6,4,"straight-retreat","live","4","6","nonincreasing",1000,0,1000,0,0,-1,-1,-1,1,1,true,true,false
"terminalOpportunity","targetPropulsionTechnologyLevel","sensor-only",6,4,"straight-retreat","occluded","4","6","nonincreasing",1000,0,1000,0,0,-1,-1,-1,1,1,true,true,false
"terminalOpportunity","targetPropulsionTechnologyLevel","sensor-plus-seeker",2,2,"stationary","live","2","4","flat",1000,0,0,0,1000,0,0,0,1,1,true,true,false
"terminalOpportunity","targetPropulsionTechnologyLevel","sensor-plus-seeker",2,2,"stationary","occluded","2","4","flat",1000,0,0,0,1000,0,0,0,1,1,true,true,false
"terminalOpportunity","targetPropulsionTechnologyLevel","sensor-plus-seeker",2,2,"straight-retreat","live","2","4","nonincreasing",1000,1000,0,0,0,0,0,0,1,1,true,true,false
"terminalOpportunity","targetPropulsionTechnologyLevel","sensor-plus-seeker",2,2,"straight-retreat","occluded","2","4","nonincreasing",1000,1000,0,0,0,0,0,0,1,1,true,true,false
"terminalOpportunity","targetPropulsionTechnologyLevel","sensor-plus-seeker",2,4,"stationary","live","4","6","flat",1000,0,0,0,1000,0,0,0,1,1,true,true,false
"terminalOpportunity","targetPropulsionTechnologyLevel","sensor-plus-seeker",2,4,"stationary","occluded","4","6","flat",1000,0,0,0,1000,0,0,0,1,1,true,true,false
"terminalOpportunity","targetPropulsionTechnologyLevel","sensor-plus-seeker",2,4,"straight-retreat","live","4","6","nonincreasing",1000,1000,0,0,0,0,0,0,1,1,true,true,false
"terminalOpportunity","targetPropulsionTechnologyLevel","sensor-plus-seeker",2,4,"straight-retreat","occluded","4","6","nonincreasing",1000,1000,0,0,0,0,0,0,1,1,true,true,false
"terminalOpportunity","targetPropulsionTechnologyLevel","sensor-plus-seeker",4,2,"stationary","live","2","4","flat",1000,0,0,0,1000,0,0,0,1,1,true,true,false
"terminalOpportunity","targetPropulsionTechnologyLevel","sensor-plus-seeker",4,2,"stationary","occluded","2","4","flat",1000,0,0,0,1000,0,0,0,1,1,true,true,false
"terminalOpportunity","targetPropulsionTechnologyLevel","sensor-plus-seeker",4,2,"straight-retreat","live","2","4","nonincreasing",1000,0,1000,0,0,-1,-1,-1,1,1,true,true,false
"terminalOpportunity","targetPropulsionTechnologyLevel","sensor-plus-seeker",4,2,"straight-retreat","occluded","2","4","nonincreasing",1000,0,1000,0,0,-1,-1,-1,1,1,true,true,false
"terminalOpportunity","targetPropulsionTechnologyLevel","sensor-plus-seeker",4,4,"stationary","live","4","6","flat",1000,0,0,0,1000,0,0,0,1,1,true,true,false
"terminalOpportunity","targetPropulsionTechnologyLevel","sensor-plus-seeker",4,4,"stationary","occluded","4","6","flat",1000,0,0,0,1000,0,0,0,1,1,true,true,false
"terminalOpportunity","targetPropulsionTechnologyLevel","sensor-plus-seeker",4,4,"straight-retreat","live","4","6","nonincreasing",1000,1000,0,0,0,0,0,0,1,1,true,true,false
"terminalOpportunity","targetPropulsionTechnologyLevel","sensor-plus-seeker",4,4,"straight-retreat","occluded","4","6","nonincreasing",1000,1000,0,0,0,0,0,0,1,1,true,true,false
"terminalOpportunity","targetPropulsionTechnologyLevel","sensor-plus-seeker",6,2,"stationary","live","2","4","flat",1000,0,0,0,1000,0,0,0,1,1,true,true,false
"terminalOpportunity","targetPropulsionTechnologyLevel","sensor-plus-seeker",6,2,"stationary","occluded","2","4","flat",1000,0,0,0,1000,0,0,0,1,1,true,true,false
"terminalOpportunity","targetPropulsionTechnologyLevel","sensor-plus-seeker",6,2,"straight-retreat","live","2","4","nonincreasing",1000,0,0,0,1000,0,0,0,1,1,true,true,false
"terminalOpportunity","targetPropulsionTechnologyLevel","sensor-plus-seeker",6,2,"straight-retreat","occluded","2","4","nonincreasing",1000,0,0,0,1000,0,0,0,1,1,true,true,false
"terminalOpportunity","targetPropulsionTechnologyLevel","sensor-plus-seeker",6,4,"stationary","live","4","6","flat",1000,0,0,0,1000,0,0,0,1,1,true,true,false
"terminalOpportunity","targetPropulsionTechnologyLevel","sensor-plus-seeker",6,4,"stationary","occluded","4","6","flat",1000,0,0,0,1000,0,0,0,1,1,true,true,false
"terminalOpportunity","targetPropulsionTechnologyLevel","sensor-plus-seeker",6,4,"straight-retreat","live","4","6","nonincreasing",1000,0,1000,0,0,-1,-1,-1,1,1,true,true,false
"terminalOpportunity","targetPropulsionTechnologyLevel","sensor-plus-seeker",6,4,"straight-retreat","occluded","4","6","nonincreasing",1000,0,1000,0,0,-1,-1,-1,1,1,true,true,false
